Deepcool AS500 R-AS500-BKNLMN-G,サイドフロー型 | 140x140x25 mm | 70.8 CFM | 2020-10-30発売
Noctua NH-D15,サイドフロー型
サイズ 虎徹 MarkII SCKTT-2000,サイドフロー型 | 120x120x27 mm | 51.2 CFM | 2017-06-01発売
Corsair iCUE H150i RGB PRO XT CW-9060045-WW,水冷型 | 120x120x25 mm | 75.0 CFM | 2020-05-23発売
Deepcool GAMMAXX L240 V2 DP-H12RF-GL240V2,水冷型 | 120x120x25 mm | 69.3 CFM
Corsair iCUE H115i RGB PRO XT CW-9060044-WW,水冷型 | 140x140x25 mm | 97.0 CFM | 2020-02-15発売
サイズ 大手裏剣 参 SCBSK-3000,トップフロー型 | 120x120x17 mm | 50.8 CFM | 2019-01-24発売
サイズ 無限五 リビジョンB SCMG-5100,サイドフロー型 | 120x120x27 mm | 51.2 CFM | 2017-04-27発売
Noctua NH-U12A,サイドフロー型 | 120x120x25 mm
Deepcool GAMER STORM ASSASSIN III DP-GS-MCH7-ASN-3,サイドフロー型 | 140x140x25 mm | 90.4 CFM | 2019-09-13発売
MSI MAG CORELIQUID 360R,水冷型 | 120x120x25 mm | 78.7 CFM
Corsair iCUE H100i RGB PRO XT CW-9060043-WW,水冷型 | 120x120x25 mm | 75.0 CFM | 2020-02-15発売
Noctua NH-D15 chromax.black,サイドフロー型 | 140x150x25 mm | 2019-11-08発売
クーラーマスター MasterLiquid ML240L V2 RGB MLW-D24M-A18PC-R2,水冷型 | 120x120x25 mm | 62.0 CFM | 2020-07-22発売
サイズ 忍者 五 SCNJ-5000,サイドフロー型 | 120x120x27 mm | 43.0 CFM | 2018-07-05発売
サイズ 手裏剣 弐 SCSK-2000,トップフロー型 | 92x92x16 mm | 41.3 CFM | 2019-12-05発売
ID-COOLING SE-224-XT,サイドフロー型 | 120x120x25 mm | 76.2 CFM | 2020-05-27発売
ID-COOLING SE-914-XT,サイドフロー型 | 92x92x25 mm | 45.8 CFM | 2020-11-04発売
Noctua NH-L9a-AM4,トップフロー型
クーラーマスター Hyper H412R RR-H412-20PK-R2,サイドフロー型 | 92x92x25 mm | 34.1 CFM | 2018-07-13発売
ASUS ROG RYUJIN 360,水冷型 | 120x120x25 mm | 121.8 CFM
サイズ 風魔 弐 SCFM-2000,サイドフロー型 | 51.2 CFM | 2019-04-25発売
ProArtist DESSERTS3,サイドフロー型 | 120x120x25 mm | 80.0 CFM | 2020-12-03発売
NZXT KRAKEN X53 RL-KRX53-01,水冷型 | 120x120x26 mm | 2020-02-14発売
Thermaltake Contac Silent 12 CL-P039-AL12BL-A,サイドフロー型 | 120x120x25 mm | 74.3 CFM | 2017-03-01発売
Noctua NH-L9a-AM4 chromax.black,トップフロー型 | 92x92x14 mm | 2020-03-07発売
Thermaltake TH240 ARGB Sync CL-W286-PL12SW-A,水冷型 | 120x120x25 mm | 59.3 CFM | 2020-09-25発売
サイズ 白虎 弐 SCBYK-2000I,サイドフロー型 | 92x92x26 mm | 48.9 CFM | 2019-04-10発売
サイズ 超天 SCCT-1000,トップフロー型 | 120x120x25 mm | 51.2 CFM | 2018-03-15発売
Thermaltake TH240 ARGB Sync Snow Edition CL-W301-PL12SW-A,水冷型 | 120x120x25 mm | 59.3 CFM | 2020-11-27発売
NZXT KRAKEN X63 RL-KRX63-01,水冷型 | 140x140x26 mm | 2020-02-14発売
Thermalright Silver Arrow 130,サイドフロー型 | 120x130x25 mm | 85.0 CFM | 2019-06-21発売
ProArtist GRATIFY3,サイドフロー型 | 120x120x25 mm | 80.0 CFM | 2020-12-03発売
Enermax LIQMAX III ARGB ELC-LMT240-ARGB,水冷型 | 120x120x25 mm | 72.1 CFM | 2019-10-26発売
MSI MAG CORELIQUID 240R,水冷型 | 120x120x25 mm | 78.7 CFM | 2020-06-12発売
Fractal Design Celsius+ S28 Prisma FD-W-2-S2802,水冷型 | 103.9 CFM | 2020-04-17発売
NZXT KRAKEN Z63 RL-KRZ63-01,水冷型 | 140x140x26 mm | 2020-02-14発売
Lian Li Galahad AIO 360 RGB,水冷型 | 120x120x26 mm | 69.2 CFM | 2020-07-28発売
クーラーマスター MasterLiquid Lite 120 MLW-D12M-A20PW-R1,水冷型 | 120x120x25 mm | 66.7 CFM | 2017-09-01発売
Corsair H100i RGB PLATINUM SE CW-9060042-WW,水冷型 | 120x120x25 mm | 63.0 CFM | 2019-07-01発売
Corsair H60(2018) CW-9060036-WW,水冷型 | 120x120x25 mm | 57.2 CFM | 2018-04-27発売
Deepcool GAMER STORM Castle 240 RGB V2 DP-GS-H12AR-CSL240V2,水冷型 | 120x120x25 mm | 69.3 CFM
NZXT KRAKEN M22 RL-KRM22-01,水冷型 | 2018-03-01発売
NZXT KRAKEN Z73 RL-KRZ73-01,水冷型 | 120x120x26 mm | 2020-02-14発売
ID-COOLING IS-30,トップフロー型 | 92x92x12 mm | 40.0 CFM | 2019-06-05発売
Deepcool GAMER STORM CASTLE 360EX DP-GS-H12-CSL360EX,水冷型 | 120x120x25 mm | 64.4 CFM | 2020-06-05発売
Thermaltake Contac 9 CL-P049-AL09BL-A,サイドフロー型 | 92x92x25 mm | 40.0 CFM | 2018-07-13発売
Deepcool GAMMAXX GTE V2 DP-MCH4-GMX-GTEV2,サイドフロー型 | 120x120x25 mm | 64.5 CFM | 2020-04-24発売
サイズ 大手裏剣参 RGB SCBSK-3000R,トップフロー型 | 120x120x17 mm | 50.8 CFM | 2019-11-14発売
NZXT KRAKEN X73 RL-KRX73-01,水冷型 | 120x120x26 mm | 2020-02-14発売
In Win SR36 PRO IW-LC-SR36PRO,水冷型 | 120x120x26 mm | 101.5 CFM | 2020-12-18発売
クーラーマスター MasterLiquid ML240L V2 ARGB MLW-D24M-A18PA-R2,水冷型 | 120x120x25 mm | 62.0 CFM | 2020-07-22発売
Thermaltake UX100 ARGB CL-P064-AL12SW-A,トップフロー型 | 120x120x25 mm | 38.8 CFM | 2019-10-18発売
Silverstone SST-KR03,サイドフロー型 | 92x92x25 mm | 32.4 CFM | 2020-06-19発売
Noctua NH-L9i chromax.black,トップフロー型 | 92x92x25 mm | 2019-11-08発売
クーラーマスター I50 RH-I50-20FK-R1,トップフロー型 | 92x92x25 mm | 34.0 CFM | 2018-07-27発売
Noctua NH-D9L,サイドフロー型 | 92x92x25 mm
Noctua NH-L12S,トップフロー型 | 120x120x15 mm
Jonsbo CR-901-RGB,トップフロー型 | 120x120x25 mm | 42.3 CFM | 2019-02-21発売
ASUS ROG Strix LC 360 RGB White Edition,水冷型 | 120x120x25 mm | 81.0 CFM | 2020-02-14発売
Enermax ETS-F40-FS,サイドフロー型 | 140x140x25.5 mm | 74.3 CFM | 2020-10-09発売
Fractal Design Celsius+ S36 Dynamic FD-W-2-S3601,水冷型 | 87.6 CFM | 2020-04-17発売
Lian Li Galahad AIO 240 RGB,水冷型 | 120x120x26 mm | 69.2 CFM | 2020-07-28発売
Corsair H115i RGB PLATINUM CW-9060038-WW,水冷型 | 140x140x25 mm | 97.0 CFM | 2018-12-15発売
ID-COOLING IS-40X,トップフロー型 | 92x92x15 mm | 44.3 CFM | 2018-12-26発売
Deepcool GAMMAXX GT V2 DP-MCH4-GMX-GTV2,サイドフロー型 | 120x120x25 mm | 64.5 CFM | 2020-04-24発売
Corsair H100i RGB PLATINUM CW-9060039-WW,水冷型 | 120x120x25 mm | 75.0 CFM | 2018-12-15発売
Thermaltake TH360 ARGB Sync Snow Edition CL-W302-PL12SW-A,水冷型 | 120x120x25 mm | 59.3 CFM | 2020-11-27発売
クーラーマスター I70C RR-I70C-20PK-R1,トップフロー型 | 120x120x25 mm | 37.0 CFM | 2018-05-25発売
Cryorig M9 Plus,サイドフロー型 | 92x92x25.4 mm | 48.4 CFM | 2018-08-21発売
Thermaltake Water 3.0 360 ARGB Sync CL-W234-PL12SW-A,水冷型 | 120x120x25 mm | 56.5 CFM | 2019-06-28発売
Silverstone SST-PF240W-ARGB,水冷型 | 120x120x25 mm | 94.0 CFM | 2020-12-22発売
クーラーマスター MasterLiquid ML120L V2 RGB MLW-D12M-A18PC-R2,水冷型 | 120x120x25 mm | 62.0 CFM | 2020-07-22発売
Fractal Design Celsius+ S28 Dynamic FD-W-2-S2801,水冷型 | 2020-04-17発売
Noctua NH-L9i,トップフロー型 | 92x92x14 mm
ASUS ROG STRIX LC 240 RGB,水冷型 | 120x120x25 mm | 81.0 CFM | 2020-02-14発売
Cryorig H7 QUAD LUMI,サイドフロー型 | 120x120x25.4 mm | 49.0 CFM | 2017-06-01発売
Thermaltake TH360 ARGB Sync CL-W300-PL12SW-A,水冷型 | 120x120x25 mm | 59.3 CFM | 2020-09-25発売
Deepcool GAMER STORM CASTLE 240EX DP-GS-H12W-CSL240EXWH,水冷型 | 120x120x25 mm | 64.4 CFM | 2020-04-17発売
Ainex CC-06S,トップフロー型 | 96x96x25 mm | 46.0 CFM | 2019-07-31発売
ASUS ROG STRIX LC 360 RGB,水冷型 | 120x120x25 mm | 81.0 CFM | 2020-02-01発売
クーラーマスター MasterLiquid ML360L V2 ARGB MLW-D36M-A18PA-R2,水冷型 | 120x120x25 mm | 62.0 CFM | 2020-07-22発売
Pccooler GI-46U,トップフロー型 | 120x120x25 mm | 65.0 CFM | 2019-01-29発売
クーラーマスター Hyper 212 EVO V2 RR-2V2E-18PK-R1,サイドフロー型 | 120x120x25 mm | 62.0 CFM | 2020-10-16発売
Deepcool GAMMAXX L360 V2 DP-H12RF-GL360V2C,水冷型 | 120x120x25 mm | 69.3 CFM | 2020-02-07発売
Fractal Design Celsius+ S24 Dynamic FD-W-2-S2401,水冷型 | 87.6 CFM | 2020-04-17発売
Pccooler GI-X5B,サイドフロー型 | 120x120x26.5 mm | 65.0 CFM
サイズ 白虎 弐 AMD専用版 SCBYK-2000A,サイドフロー型 | 92x92x26 mm | 48.9 CFM | 2019-11-14発売
In Win SR24 PRO IW-LC-SR24PRO,水冷型 | 120x120x26 mm | 101.5 CFM | 2020-12-18発売
Corsair A500 CT-9010003-WW,サイドフロー型 | 120x120x25 mm | 75.0 CFM | 2020-04-04発売
クーラーマスター A71C RR-A71C-18PA-R1,トップフロー型 | 120x120x25 mm | 39.0 CFM | 2020-05-25発売
ASUS TUF Gaming LC 240 RGB,水冷型 | 120x120x25 mm | 67.0 CFM | 2020-08-07発売
Enermax LIQMAX III ELC-LMT120-HF,水冷型 | 120x120x25 mm | 90.1 CFM | 2019-04-06発売
クーラーマスター A30 RH-A30-25FK-R1,トップフロー型 | 80x80x25 mm | 30.0 CFM | 2018-07-27発売
ASUS ROG RYUJIN 240,水冷型 | 120x120x25 mm | 121.8 CFM
Cryorig R1 UNIVERSAL V2,サイドフロー型 | 76.0 CFM | 2017-12-15発売
Cryorig R5,サイドフロー型 | 140x140x25.4 mm | 76.0 CFM | 2020-10-03発売
Thermaltake TH120 ARGB Sync CL-W285-PL12SW-A,水冷型 | 120x120x25 mm | 59.3 CFM | 2020-09-25発売
GELID Solutions Slim Silence AM4 CC-SSILENCE-AM4,トップフロー型 | 65x65x15 mm | 20.0 CFM | 2020-12-24発売
クーラーマスター Hyper 212 LED Turbo White Edition RR-212TW-16PW-R1,サイドフロー型 | 120x120x25 mm | 66.3 CFM | 2019-10-11発売
クーラーマスター Hyper 212 Black Edition RR-212S-20PK-R1,サイドフロー型 | 120x120x25 mm | 42.0 CFM | 2019-07-26発売
Be Quiet SHADOW ROCK 3 BK004,サイドフロー型 | 120x120x25 mm | 2020-07-14発売
Lian Li Galahad AIO 240 RGB,水冷型 | 120x120x26 mm | 69.2 CFM | 2020-07-28発売
MSI CORE FROZR L,サイドフロー型 | 71.3 CFM | 2016-12-02発売
Zalman CNPS80F,トップフロー型 | 2019-10-25発売
Noctua NH-L9x65,トップフロー型 | 92x92x14 mm
Thermalright SilverArrow T8,サイドフロー型 | 140x152x26.5 mm | 91.0 CFM | 2019-02-05発売
Super Flower NEON 240 SF-LB240,水冷型 | 120x120x25 mm | 46.0 CFM | 2020-11-13発売
Thermalright AXP-100H Muscle,トップフロー型 | 101x108x14 mm | 44.5 CFM | 2017-01-18発売
Super Flower NEON Air 122 SF-AY122,サイドフロー型 | 120x120x25 mm | 38.5 CFM | 2020-11-16発売
Deepcool GAMER STORM CASTLE 240EX DP-GS-H12-CSL240EX,水冷型 | 120x120x25 mm | 64.4 CFM | 2020-04-17発売
Antec Neptune 240 ARGB,水冷型 | 120x120x25 mm | 77.0 CFM | 2020-01-25発売
Noctua NH-U9S,サイドフロー型 | 92x92x25 mm
Noctua NH-U12S chromax.black,サイドフロー型 | 120x120x25 mm | 2019-11-08発売
Lian Li Galahad AIO 360 RGB,水冷型 | 120x120x26 mm | 69.2 CFM | 2020-07-28発売
In Win SR36 IW-LC-SR36,水冷型 | 120x120x26 mm | 101.5 CFM | 2020-07-01発売
Thermalright AXP-100 C65,トップフロー型 | 108x101x14 mm | 44.5 CFM | 2020-04-23発売
MSI CORE FROZR XL,サイドフロー型 | 71.3 CFM | 2017-08-04発売
Deepcool GAMMAXX GT A-RGB DP-MCH4-GMX-GT-ARGB,サイドフロー型 | 120x120x25 mm | 64.5 CFM | 2020-04-24発売
ASUS ROG Strix LC 240 RGB White Edition,水冷型 | 120x120x25 mm | 81.0 CFM | 2020-02-14発売
Antec C400 Glacial,サイドフロー型 | 77.0 CFM | 2019-06-22発売
Thermalright Le GRAND MACHO RT,サイドフロー型 | 140x152x26.5 mm | 73.6 CFM | 2017-02-13発売
Cryorig H5 UNIVERSAL V2,サイドフロー型 | 140x140x13 mm | 65.0 CFM | 2017-12-15発売
Be Quiet DARK ROCK PRO 4 BK022,サイドフロー型
Intel BXTS15A,
クーラーマスター Hyper 212 LED White Edition RR-212L-16PW-R1,サイドフロー型 | 120x120x25 mm | 66.3 CFM | 2019-10-11発売
Deepcool GAMMAXX 400 V2 DP-MCH4-GMX400V2-RD,サイドフロー型 | 120x120x25 mm | 64.5 CFM
Fractal Design Celsius+ S24 Prisma FD-W-2-S2402,水冷型 | 2020-04-17発売
Deepcool GAMMAXX 400 V2 DP-MCH4-GMX400V2-BL,サイドフロー型 | 120x120x25 mm | 64.5 CFM
Deepcool GAMMAXX C40 DP-MCH4-GMX-C40P,サイドフロー型 | 92x92x25 mm | 33.0 CFM
クーラーマスター MasterAir G200P MAP-G2PN-126PC-R1,トップフロー型 | 92x92x15.4 mm | 35.5 CFM | 2020-01-24発売
Deepcool GAMMAXX GTE V2 BLACK DP-MCH4-GMX-GTE-V2BK,サイドフロー型 | 120x120x25 mm | 64.5 CFM | 2020-04-24発売
サイズ 無限伍 ARGB PLUS SCMG-5102AR,サイドフロー型 | 120x120x27 mm | 66.5 CFM | 2020-01-23発売
Zalman CNPS16X,サイドフロー型 | 120x120x26 mm | 49.0 CFM | 2020-09-18発売
GELID Solutions TORNADO CC-TORNADO-01-B,サイドフロー型 | 120x120x25 mm | 65.5 CFM | 2020-10-15発売
Silverstone IceGem 360 SST-IG360-ARGB,水冷型 | 120x120x25 mm | 93.4 CFM | 2020-11-10発売
GELID Solutions SlimHero Rev.B CC-SHERO-01-B,トップフロー型 | 120x120x15.8 mm | 52.4 CFM | 2017-12-07発売
Zalman CNPS10X OPTIMAII,サイドフロー型 | 120x120x25 mm | 61.5 CFM | 2019-10-25発売
Pccooler GI-D56V,サイドフロー型 | 120x120x26.5 mm | 72.0 CFM
クーラーマスター Wraith Ripper MAM-D7PN-DWRPS-T1,サイドフロー型 | 120x120x25 mm | 76.4 CFM | 2018-11-21発売
Thermalright TRUE Spirit 120M Rev.B,サイドフロー型 | 120x120x25.4 mm | 77.3 CFM | 2019-04-25発売
Cryorig H7 V2,サイドフロー型 | 120x120x25.4 mm | 59.0 CFM | 2017-09-15発売
Thermalright Macho 120 Rev.B,サイドフロー型 | 120x120x25.4 mm | 77.3 CFM | 2019-03-26発売
Noctua NH-U14S DX-3647,サイドフロー型 | 140x150x25 mm
Deepcool GAMMA ARCHER DP-MCAL-GA,トップフロー型 | 120x120x25 mm | 54.3 CFM | 2018-12-21発売
Zalman CNPS16X,サイドフロー型 | 120x120x26 mm | 49.0 CFM | 2020-09-18発売
ASUS ROG RYUO 120,水冷型 | 120x120x25 mm | 81.0 CFM | 2018-12-14発売
Thermalright AXP-100R H,トップフロー型 | 101x108x14 mm | 44.5 CFM | 2017-01-18発売
Fractal Design Celsius+ S36 Prisma FD-W-2-S3602,水冷型 | 2020-04-17発売
Noctua NH-D15S,サイドフロー型
Silverstone SST-PF360W-ARGB,水冷型 | 120x120x25 mm | 94.0 CFM | 2020-12-22発売
クーラーマスター MasterLiquid ML120L RGB MLW-D12M-A20PC-R1,水冷型 | 120x120x25 mm | 66.7 CFM | 2018-01-12発売
Enermax AQUAFUSION ELC-AQF120-SQA,水冷型 | 120x120x26 mm | 79.8 CFM | 2019-03-23発売
Enermax AQUAFUSION ELC-AQF240-SQA,水冷型 | 120x120x26 mm | 79.8 CFM | 2019-03-23発売
NZXT KRAKEN X42 RL-KRX42-01,水冷型 | 2016-12-01発売
サイズ SCY-TYPE-920S,サイドフロー型 | 92x92x25 mm | 48.2 CFM | 2019-12-12発売
Thermaltake Floe Riing RGB 240 TT Premium Edition CL-W157-PL12SW-A,水冷型 | 120x120x25 mm | 42.3 CFM | 2017-11-22発売
Ainex CC-06B,トップフロー型 | 96x96x25 mm | 45.0 CFM | 2018-07-24発売
Thermaltake UX200 ARGB CL-P065-AL12SW-A,サイドフロー型 | 120x120x25 mm | 43.3 CFM | 2019-10-18発売
Ainex CC-01,トップフロー型 | 96x96x17 mm | 35.0 CFM | 2016-07-12発売
オウルテック 風雅 OWL-CPUC02,サイドフロー型 | 120x120x25 mm | 49.0 CFM | 2019-05-01発売
Intel BXTS13A,
Thermalright Turbo Right 360C,水冷型 | 120x120x25.4 mm | 77.3 CFM | 2019-06-21発売
ASUS TUF Gaming LC 120 RGB,水冷型 | 120x120x25 mm | 67.0 CFM | 2020-08-07発売
Silverstone SST-NT09-115X,トップフロー型 | 92x92x25 mm | 47.0 CFM | 2016-02-17発売
Deepcool GAMER STORM Castle 360 RGB V2 DP-GS-H12AR-CSL360V2,水冷型 | 120x120x25 mm | 69.3 CFM
Cryorig H5 ULTIMATE V2,140x140x25.4 mm | 76.0 CFM | 2017-12-15発売
Thermalright AXP-100 Full Copper,トップフロー型 | 101x108x14 mm | 44.5 CFM | 2018-09-05発売
Be Quiet Shadow Rock TF 2 BK003,トップフロー型 | 135x135x22 mm | 67.8 CFM | 2018-09-18発売
Enermax LIQMAX III ARGB ELC-LMT360-W-ARGB,水冷型 | 120x120x25 mm | 72.1 CFM | 2020-11-14発売
クーラーマスター MasterAir MA410M MAM-T4PN-218PC-R1,サイドフロー型 | 120x120x25 mm | 53.4 CFM | 2018-11-02発売
クーラーマスター MasterAir MA610P MAP-T6PN-218PC-R1,サイドフロー型 | 120x120x25 mm | 53.4 CFM | 2018-05-25発売
Cryorig C7 Cu,トップフロー型 | 92x92x15 mm | 40.5 CFM | 2018-04-20発売
Thermaltake Floe Riing RGB 280 TT Premium Edition CL-W167-PL14SW-A,水冷型 | 140x140x25 mm | 63.2 CFM | 2017-11-22発売
Antec Kuhler H2O K120 RGB,水冷型 | 120x120x25 mm | 77.0 CFM | 2019-07-27発売
Corsair H75 2018 H75 CW-9060035-WW,水冷型 | 120x120x25 mm | 64.0 CFM | 2018-08-11発売
Cryorig C1 V2,トップフロー型 | 140x140x13 mm | 65.0 CFM | 2017-12-15発売
クーラーマスター MasterAir MA620M MAM-D6PN-120PA-R1,サイドフロー型 | 120x120x25 mm | 57.3 CFM | 2019-11-01発売
クーラーマスター MasterAir G100M MAM-G1CN-924PC-R1,トップフロー型 | 100x100x25 mm | 22.6 CFM | 2018-07-27発売
クーラーマスター MasterLiquid ML360 RGB TR4 Edition MLX-D36M-A20PC-T1,水冷型 | 120x120x25 mm | 66.7 CFM | 2019-03-15発売
darkFlash DF-SHADOW-TPRGB,トップフロー型 | 100x100x25 mm | 29.3 CFM | 2019-02-07発売
Cryorig C7 G,トップフロー型 | 92x92x15 mm | 40.5 CFM | 2019-09-28発売
Jonsbo CR-201-RGB-WH,サイドフロー型 | 120x120x25 mm | 40.0 CFM | 2018-06-07発売
Zalman CNPS17X,サイドフロー型 | 140x140x26 mm | 61.0 CFM | 2020-04-03発売
Pccooler GI-D66A,サイドフロー型 | 135x129x53.4 mm | 72.0 CFM
Cryorig H7 Plus,サイドフロー型 | 120x120x25.4 mm | 59.0 CFM | 2018-08-21発売
Zalman CNPS10X OPTIMAII,サイドフロー型 | 120x120x25 mm | 61.5 CFM | 2019-10-25発売
Thermalright ARO-M14,サイドフロー型 | 140x152x26.5 mm | 73.6 CFM | 2018-05-23発売
Antec A30,サイドフロー型 | 92x92x25 mm | 36.0 CFM | 2019-06-22発売
Thermalright TRUE Spirit 140 Direct,140x152x26.5 mm | 73.6 CFM | 2016-11-25発売
Fractal Design Celsius S36 FD-WCU-CELSIUS-S36-BKO,水冷型 | 87.6 CFM | 2019-07-26発売
Antec Kuhler H2O K240 RGB,水冷型 | 120x120x25 mm | 77.0 CFM | 2019-07-27発売
Silverstone IceGem 280 SST-IG280-ARGB,水冷型 | 140x140x25 mm | 99.2 CFM | 2020-11-10発売
Cryorig C7 RGB,トップフロー型 | 92x92x15 mm | 40.5 CFM | 2019-07-20発売
Corsair H100i PRO RGB CW-9060033-WW,水冷型 | 120x120x25 mm | 75.0 CFM | 2018-07-21発売
Silverstone SST-PF360-ARGB,水冷型 | 120x120x25 mm | 94.0 CFM | 2019-08-16発売
Fractal Design Celsius S24 FD-WCU-CELSIUS-S24-BK,水冷型 | 87.6 CFM | 2017-06-09発売
Silverstone IceGem 240P SST-IG240P-ARGB,水冷型 | 120x120x25 mm | 93.4 CFM | 2020-11-10発売
Enermax ETS-N31-02,サイドフロー型 | 92x92x25 mm | 32.8 CFM | 2017-03-11発売
サイズ APSALUS-G6,水冷型 | 120x120x25 mm | 69.1 CFM | 2018-11-22発売
Fractal Design Celsius S24 FD-WCU-CELSIUS-S24-BK,水冷型 | 87.6 CFM | 2017-06-09発売
Silverstone IceGem 240P SST-IG240P-ARGB,水冷型 | 120x120x25 mm | 93.4 CFM | 2020-11-10発売
Enermax ETS-N31-02,サイドフロー型 | 92x92x25 mm | 32.8 CFM | 2017-03-11発売
サイズ APSALUS-G6,水冷型 | 120x120x25 mm | 69.1 CFM | 2018-11-22発売
Be Quiet DARK ROCK 4 BK021,サイドフロー型 | 135x135x22 mm
Thermalright Turbo Right 240C,水冷型 | 120x120x25.4 mm | 77.3 CFM | 2019-06-21発売
ASUS ROG STRIX LC 120 RGB,水冷型 | 120x120x25 mm | 81.0 CFM | 2020-02-14発売
Thermaltake Water 3.0 120 ARGB Sync CL-W232-PL12SW-A,水冷型 | 120x120x25 mm | 56.5 CFM | 2019-06-28発売
Enermax LIQFUSION ELC-LF240-RGB,水冷型 | 120x120x25 mm | 102.2 CFM | 2018-06-29発売
Be Quiet DARK ROCK SLIM BK024,サイドフロー型 | 120x120x23 mm | 2019-08-01発売
Noctua NH-U12S DX-3647,サイドフロー型 | 120x120x25 mm | 2018-01-01発売
クーラーマスター MasterAir MA410P MAP-T4PN-220PC-R1,サイドフロー型 | 120x120x25 mm | 66.7 CFM | 2018-05-25発売
Fractal Design Celsius S36 FD-WCU-CELSIUS-S36-BK,水冷型 | 87.6 CFM | 2017-06-09発売
Thermalright Macho Rev.C,サイドフロー型 | 140x152x26.5 mm | 85.0 CFM | 2019-05-24発売
In Win SR24 IW-LC-SR24,水冷型 | 120x120x26 mm | 101.5 CFM | 2020-07-01発売
Silverstone SST-AR07-V2,サイドフロー型 | 140x140x25 mm | 93.0 CFM
クーラーマスター MasterLiquid 120 MLX-D12M-A20PW-R1,水冷型 | 120x120x25 mm | 66.7 CFM | 2017-09-01発売
Noctua NH-U14S TR4-SP3,サイドフロー型 | 140x150x25 mm
Deepcool THETA 20 PWM DP-ICAS-T20P,トップフロー型 | 100x100x25 mm | 42.8 CFM | 2018-12-21発売
クーラーマスター MasterLiquid ML240P Mirage MLY-D24M-A20PA-R1,水冷型 | 120x120x26 mm | 61.0 CFM | 2019-09-13発売
Silverstone SST-KR02,サイドフロー型 | 92x92x25 mm | 56.1 CFM | 2019-06-27発売
Ainex CC-07AM4,トップフロー型 | 95x95x25 mm | 47.6 CFM | 2019-12-25発売
Thermaltake Floe Riing RGB 360 TR4 Edition CL-W235-PL12SW-A,水冷型 | 120x120x25 mm | 54.4 CFM | 2019-07-26発売
LEPA LPANL12,サイドフロー型 | 2016-11-19発売
Silverstone SST-TD03-RGB,水冷型 | 120x120x25 mm | 83.7 CFM | 2018-12-13発売
COUGAR AQUA 360 CGR-AQUA 360,水冷型 | 120x120x25 mm | 70.6 CFM | 2020-09-10発売
Thermalright Silver Arrow IB-E Extreme Rev.B,サイドフロー型 | 140x152x26.5 mm | 130.0 CFM | 2019-07-26発売
Thermalright TA 120,サイドフロー型 | 120x120x25.4 mm | 77.3 CFM | 2019-06-21発売
Zalman CNPS20X,サイドフロー型 | 140x140x26 mm | 61.0 CFM | 2020-04-03発売
Silverstone SST-AR12-RGB,サイドフロー型 | 120x120x25 mm | 68.9 CFM | 2020-07-14発売
Thermalright TA 140,サイドフロー型 | 140x152x26.5 mm | 85.0 CFM | 2019-06-21発売
Thermalright Macho Direct,サイドフロー型 | 2016-08-16発売
Silverstone SST-AR01-V2.1,サイドフロー型 | 120x120x25 mm | 92.5 CFM
Cryorig C7 V2,92x92x15 mm | 40.5 CFM | 2017-12-15発売
Super Flower NEON 360 SF-LB360,水冷型 | 120x120x25 mm | 46.0 CFM | 2020-11-13発売
Enermax LIQTECH TR4 II ELC-LTTRTO280-TBP,水冷型 | 140x140x25 mm | 80.7 CFM | 2018-11-17発売
Supermicro SNK-P0068PS,
Deepcool GAMER STORM CASTLE 360EX DP-GS-H12W-CSL360EXWH,水冷型 | 120x120x25 mm | 64.4 CFM | 2020-04-17発売
Enermax LIQTECH II Universal ELC-LTTO360-TBP,水冷型 | 120x120x25 mm | 102.2 CFM | 2018-12-22発売
Cryorig R1 ULTIMATE V2,サイドフロー型 | 140x140x25.4 mm | 76.0 CFM | 2017-12-15発売
Deepcool GAMER STORM GABRIEL DPGS-MCH4N-GR,120x120x20 mm | 61.9 CFM | 2018-12-21発売
ASUS ROG RYUO 240,水冷型 | 120x120x25 mm | 81.0 CFM | 2018-12-14発売
Dynatron B11,80x80x25 mm | 50.0 CFM
COUGAR AQUA 240 CGR-AQUA 240,水冷型 | 120x120x25 mm | 70.6 CFM | 2020-09-10発売
Fractal Design Celsius S24 FD-WCU-CELSIUS-S24-BKO,水冷型 | 87.6 CFM | 2019-07-26発売
クーラーマスター MasterLiquid ML360P Silver Edition MLY-D36M-A18PA-R1,水冷型 | 120x120x25 mm | 45.0 CFM | 2019-12-20発売
Be Quiet PURE ROCK SLIM BK008,サイドフロー型 | 92x92x25 mm | 35.1 CFM | 2018-09-18発売
Enermax LIQTECH II Universal ELC-LTTO280-TBP,水冷型 | 140x140x25 mm | 80.7 CFM | 2018-12-22発売
クーラーマスター I30 RH-I30-26FK-R1,92x92x25 mm | 31.0 CFM | 2018-07-27発売
Enermax LIQTECH II Universal ELC-LTTO240-TBP,水冷型 | 120x120x25 mm | 102.2 CFM | 2018-12-22発売
Intel BXSTS300C,
Intel BXSTS300PNRW,
Intel BXSTS300P,
クーラーマスター MasterLiquid 240 MLX-D24M-A20PW-R1,水冷型 | 120x120x25 mm | 66.7 CFM | 2017-09-01発売
Silverstone SST-TD02-RGB,水冷型 | 120x120x25 mm | 83.7 CFM | 2018-12-13発売
Corsair H5 SF CW-9060023-WW,水冷型 | 120x120x32 mm | 24.0 CFM | 2016-01-30発売
Enermax AQUAFUSION ELC-AQF240-SQA-W,水冷型 | 120x120x26 mm | 79.8 CFM | 2019-09-20発売
Silverstone SST-XE02-2066,サイドフロー型 | 60x60x25 mm | 43.0 CFM | 2020-12-18発売
Antec Kuhler H1200 Pro,水冷型 | 2016-06-18発売
Antec Kuhler H2O K120 v2,水冷型 | 120x120x25 mm | 73.3 CFM | 2018-08-31発売
Raidmax COBRA-RGB-120,水冷型 | 120x120x25 mm | 88.3 CFM | 2018-07-01発売
Silverstone SST-XE02-3647N,サイドフロー型 | 60x60x25 mm | 43.0 CFM
Enermax LIQMAX III ARGB ELC-LMT360-ARGB,水冷型 | 120x120x25 mm | 72.1 CFM | 2019-10-26発売
Supermicro SNK-P0067PSMB,
Deepcool GAMER STORM Castle 280 RGB,水冷型 | 140x140x26 mm | 96.7 CFM
Jonsbo CR-201-RD,サイドフロー型 | 2017-04-01発売
クーラーマスター MasterLiquid ML240 RGB TR4 Edition MLX-D24M-A20PC-T1,水冷型 | 120x120x25 mm | 66.7 CFM | 2019-03-15発売
GAMDIAS Chione M1-240C,水冷型 | 120x120x25 mm | 62.0 CFM | 2018-06-01発売
Antec Kuhler H600 Pro,水冷型 | 2016-06-18発売
Deepcool GAMER STORM CAPTAIN 360 EX WHITE RGB,水冷型 | 120x120x25 mm | 229.6 CFM
Enermax LIQTECH TR4 II ELC-LTTRTO360-TBP,水冷型 | 120x120x25 mm | 102.2 CFM | 2018-11-17発売
Corsair H150i PRO RGB CW-9060031-WW,水冷型 | 120x120x25 mm | 47.3 CFM | 2018-01-27発売
Thermaltake Water 3.0 Riing Edition CL-W138-PL14SW-A,水冷型 | 2017-05-19発売
Silverstone SST-AR11,トップフロー型 | 92x92x15 mm | 55.8 CFM | 2018-03-19発売
Enermax ETS-T50A-BK-ARGB,サイドフロー型 | 120x120x25 mm | 71.3 CFM | 2019-09-20発売
Thermaltake Riing Silent 12 Pro CL-P021-CA12RE-A,サイドフロー型 | 2016-09-09発売
Silverstone SST-PF120-ARGB,水冷型 | 120x120x25 mm | 94.0 CFM | 2019-08-16発売
サイズ 白虎 SCBYK-1000I,サイドフロー型 | 92x92x25 mm | 46.5 CFM | 2016-08-01発売
Ainex CC-03,トップフロー型 | 120x120x25 mm | 77.0 CFM | 2016-11-07発売
Antec Mercury 240,水冷型 | 120x120x25 mm | 73.3 CFM | 2017-06-10発売
Silverstone SST-AR09-115XS,
Raijintek PALLAS 120 RGB 0R10B00121,トップフロー型 | 120x120x13 mm | 41.7 CFM
GAMDIAS CHIONE E1A-120R,水冷型 | 120x120x25 mm | 2018-11-23発売
Dynatron B5,
Antec Mercury240 v2,水冷型 | 120x120x25 mm | 73.3 CFM | 2018-03-24発売
Silverstone SST-AR03-V2,サイドフロー型 | 120x120x25 mm | 81.4 CFM
Deepcool GAMER STORM CASTLE 280EX DP-GS-H14AR-CSL280EX,水冷型 | 140x140x25 mm | 97.0 CFM
クーラーマスター MasterLiquid Pro 240 MLY-D24M-A20MB-J1,水冷型 | 2016-09-15発売
Alphacool Eisbaer LT 360,水冷型 | 63.9 CFM | 2018-06-27発売
Enermax AQUAFUSION ELC-AQF360-SQA,水冷型 | 120x120x26 mm | 79.8 CFM | 2019-12-14発売
Antec Kuhler H2O K120,水冷型 | 120x120x25 mm | 73.3 CFM | 2018-04-21発売
AMD Wraith Max cooler with RGB LED 199-999575,トップフロー型 | 2017-09-01発売
Silverstone SST-AR01-V3,サイドフロー型 | 120x120x25 mm | 70.7 CFM | 2018-09-28発売
Dynatron B13,60x60x25 mm | 40.6 CFM
Enermax ETS-T50A-BVT,サイドフロー型 | 120x120x25 mm | 62.3 CFM | 2016-12-22発売
Jonsbo CR-701-RGB,トップフロー型 | 120x120x25 mm | 50.4 CFM | 2018-04-24発売
Enermax ETS-N30R-TAA,92x92x25 mm | 50.8 CFM | 2016-01-23発売
Antec Kuhler H2O K240,水冷型 | 120x120x25 mm | 73.3 CFM | 2018-04-21発売
Dynatron R17,
クーラーマスター MasterAir MA621P TR4 Edition MAP-D6PN-218PC-R2,サイドフロー型 | 120x120x25 mm | 53.4 CFM | 2019-03-15発売
NZXT KRAKEN X62 RL-KRX62-01,水冷型 | 2016-12-01発売
Jonsbo CR-101-RD,トップフロー型 | 120x120x25 mm | 2017-04-01発売
COUGAR AQUA 120 CGR-AQUA 120,水冷型 | 120x120x25 mm | 70.6 CFM | 2020-09-10発売
Noctua NH-D15 SE-AM4,サイドフロー型
クーラーマスター Hyper 212 RGB Phantom Gaming Edition RR-212S-PGPC-R1,サイドフロー型 | 120x120x25 mm | 57.3 CFM | 2019-04-26発売
Corsair H100i RGB PLATINUM SE CW-9060041-WW,水冷型 | 120x120x25 mm | 63.0 CFM
サイズ 超天TUF SCCT-1000TUF,トップフロー型 | 120x120x27 mm | 51.2 CFM | 2018-11-08発売
Thermalright TRUE Spirit 120 Direct Rev.A,サイドフロー型 | 120x120x25 mm | 77.3 CFM | 2019-11-26発売
Pccooler CC-05B,サイドフロー型 | 120x120x25 mm | 54.0 CFM | 2018-06-26発売
Jonsbo CR-601-RGB,サイドフロー型 | 120x120x25 mm | 50.4 CFM | 2018-06-26発売
サイズ KABUTO3 SCKBT-3000,トップフロー型 | 120x120x25 mm | 79.0 CFM | 2016-04-01発売
サイズ 無限5 TUF GAMING ALLIANCE SCMG-5100TUF,サイドフロー型 | 120x120x27 mm | 51.2 CFM | 2019-01-24発売
REEVEN E12 RGB RC-1208RGB,サイドフロー型 | 120x120x25 mm | 49.0 CFM | 2018-06-21発売
Deepcool CK-11509,92x92x25 mm | 38.6 CFM
Deepcool GAMER STORM Fryzen DP-GS-MCH6N-FZN-A,サイドフロー型 | 120x120x25 mm | 64.0 CFM | 2018-08-13発売
Zalman CNPS9800 MAX,サイドフロー型 | 2016-07-23発売
Antec Kuhler H600 Pro v2,水冷型 | 120x120x25 mm | 73.3 CFM | 2017-06-10発売
Noctua NH-L9a,
Aardwolf GH120,サイドフロー型 | 120x120x25 mm | 7025.0 CFM | 2017-06-13発売
Zalman CNPS10X Optima 2011,サイドフロー型 | 2016-07-23発売
Enermax ELC-LTTR280-TBP,水冷型 | 140x140x25 mm | 80.7 CFM | 2017-12-09発売
Silverstone SST-AR08,2016-01-13発売
Cryorig A SERIES A40 V2,水冷型 | 2017-10-13発売
Deepcool GAMER STORM CAPTAIN 360 EX DP-GS-H12L-CT360A4,水冷型 | 120x120x25 mm | 229.6 CFM
Ainex CC-02,トップフロー型 | 92x92x15 mm | 48.3 CFM | 2016-07-12発売
クーラーマスター MasterLiquid ML120L RGB TUF Gaming Edition MLW-D12M-A20PW-RT,水冷型 | 120x120x25 mm | 66.7 CFM | 2019-04-12発売
Silverstone SST-NT06-PRO-V2,
Silverstone SST-AR07,2016-01-13発売
Supermicro SNK-P0051AP4,
Intel BXHTS1155LP,
Dynatron B14,80x80x25 mm | 50.0 CFM
Thermalright Le Grand Macho,2016-01-15発売
Silverstone SST-XE01-2011,2018-09-28発売
Be Quiet DARK ROCK PRO TR4 BK023,サイドフロー型
Thermaltake Engine 17 CL-P051-AL06SL-A,60x60x12.6 mm | 8.9 CFM | 2018-07-13発売
クーラーマスター GeminII S524 Ver.2 RR-G5V2-20PK-J1,2016-02-11発売
Noctua NH-U12S SE-AM4,120x120x25 mm
Enermax ETS-T50A-W-ARGB,サイドフロー型 | 120x120x25 mm | 71.3 CFM | 2019-09-20発売
Asetek 690LX-PN,水冷型
Alseye Water Max 240,水冷型 | 2016-05-24発売
Deepcool GAMER STORM CAPTAIN 240EX RGB,水冷型 | 120x120x25 mm | 153.0 CFM
Raijintek JUNO X GREEN 0R100058,トップフロー型 | 2017-06-24発売
クーラーマスター MasterLiquid ML360R RGB MLX-D36M-A20PC-R1,水冷型 | 120x120x25 mm | 66.7 CFM | 2019-03-15発売
Noctua NH-U12S TR4-SP3,サイドフロー型 | 120x120x25 mm
Silverstone SST-HE01-V2,171.0 CFM
Supermicro SNK-P0067PS,
Deepcool GAMMAXX L120 V2 DP-H12RF-GL120V2,水冷型 | 120x120x25 mm | 69.3 CFM
Thermaltake Riing Silent 12 RGB Sync Edition CL-P052-AL12SW-A,サイドフロー型 | 120x120x25 mm | 53.0 CFM | 2018-08-03発売
Enermax ELC-LTTR240-TBP,水冷型 | 120x120x25 mm | 102.2 CFM | 2017-09-09発売
REEVEN NAIA 240 RW-2401,水冷型 | 120x120x25 mm | 90.3 CFM | 2017-12-28発売
HBT Arctica 120 TW-A12X-PWV1,水冷型 | 2016-08-11発売
Thermaltake Riing Silent 12 CL-P022-AL12RE-A,サイドフロー型 | 2016-04-15発売
Thermalright Silver Arrow TR4,サイドフロー型 | 140x152x26.5 mm | 130.0 CFM | 2018-08-31発売
Silverstone SST-XE02-2011,60x60x25 mm | 50.4 CFM | 2018-09-28発売
ギガバイト AORUS ATC700,120x120x25 mm | 53.0 CFM | 2017-09-01発売
Silverstone SST-NT08-115X,2016-06-17発売
Antec Kuhler H2O K240 v2,水冷型 | 120x120x25 mm | 73.3 CFM | 2018-09-01発売
FSP AC401,サイドフロー型 | 120x120x25 mm | 60.0 CFM
Thermaltake Water 3.0 240 ARGB Sync CL-W233-PL12SW-A,水冷型 | 120x120x25 mm | 56.5 CFM | 2019-06-28発売
GAMDIAS CHIONE E2-120R,水冷型 | 120x120x25 mm | 69.0 CFM | 2019-09-20発売
Deepcool GAMER STORM CAPTAIN 240 PRO DP-GS-H12AR-CT240P,水冷型 | 120x120x25 mm | 69.3 CFM
Deepcool GAMMAXX 200T,サイドフロー型 | 120x120x25 mm | 54.3 CFM
Thermaltake Engine 27 CL-P032-CA06SL-A,トップフロー型 | 60x60x21 mm | 9.2 CFM | 2016-12-09発売
Thermalright ARO-M14,サイドフロー型 | 140x152x26.5 mm | 73.6 CFM | 2018-05-23発売
Deepcool GAMER STORM CAPTAIN 240 RGB,水冷型 | 120x120x25 mm | 138.7 CFM
Thermalright Macho120 SBM,サイドフロー型 | 2016-06-17発売
Deepcool GAMER STORM MAELSTROM 240 RGB,水冷型 | 120x120x25 mm | 69.3 CFM
Silverstone SST-NT08-115XP,トップフロー型 | 80x80x10 mm | 16.0 CFM | 2016-12-09発売
Supermicro SNK-P0067PD,
Noctua NH-D9DX i4 3U,92x92x25 mm
Deepcool GAMER STORM CAPTAIN 120 EX DP-GS-H12L-CT120A4,水冷型 | 120x120x25 mm | 76.5 CFM
Silverstone SST-PF240-ARGB,水冷型 | 120x120x25 mm | 94.0 CFM | 2019-08-16発売
Deepcool GAMMAXX GT TGA DP-MCH4-GMX-GT-TUF,120x120x25 mm | 56.5 CFM | 2018-10-26発売
クーラーマスター MasterLiquid ML240RS RGB MLX-S24M-A20PC-R1,水冷型 | 120x120x25 mm | 66.7 CFM | 2019-04-26発売
Corsair H80i V2 CW-9060024-WW,水冷型 | 120x120x25 mm | 70.7 CFM | 2016-04-09発売
サイズ 忍者 四 Rev.B SCNJ-4100,サイドフロー型 | 2017-06-15発売
COUGAR Helor 360 RH-HLR360-V1,水冷型 | 120x120x25 mm | 78.4 CFM | 2020-09-10発売
GAMDIAS CHIONE P1A-360R,水冷型 | 120x120x25 mm | 2018-11-23発売
Deepcool GAMER STORM MAELSTROM 240T DP-GS-H12RL-MS240TAM4,水冷型 | 120x120x25 mm | 167.3 CFM
クーラーマスター MasterLiquid ML240L RGB MLW-D24M-A20PC-R1,水冷型 | 120x120x25 mm | 66.7 CFM | 2018-01-12発売
COUGAR Helor 360 RH-HLR360-V1,水冷型 | 120x120x25 mm | 78.4 CFM | 2020-09-10発売
GAMDIAS CHIONE P1A-360R,水冷型 | 120x120x25 mm | 2018-11-23発売
Deepcool GAMER STORM MAELSTROM 240T DP-GS-H12RL-MS240TAM4,水冷型 | 120x120x25 mm | 167.3 CFM
クーラーマスター MasterLiquid ML240L RGB MLW-D24M-A20PC-R1,水冷型 | 120x120x25 mm | 66.7 CFM | 2018-01-12発売
Antec Mercury240 RGB,水冷型 | 120x120x25 mm | 73.3 CFM | 2018-07-28発売
Silverstone SST-TD03-E-V2,水冷型
Antec Kuhler H1200 Pro v2,水冷型 | 120x120x25 mm | 73.3 CFM | 2017-06-10発売
FSP AC601,サイドフロー型 | 120x120x25 mm | 60.0 CFM
Antec Mercury360 RGB,水冷型 | 120x120x25 mm | 73.3 CFM | 2018-07-28発売
Ainex CC-04,サイドフロー型 | 92x92x25 mm | 40.0 CFM | 2017-03-28発売
Antec Mercury120 v2,水冷型 | 120x120x25 mm | 73.3 CFM | 2018-03-31発売
サイズ 刀5 SCKTN-5000,サイドフロー型 | 92x92x26 mm | 48.9 CFM | 2018-10-25発売
Corsair H115i CW-9060027-WW,水冷型 | 140x140x25 mm | 104.7 CFM | 2016-04-09発売
クーラーマスター MasterAir MA620P TUF Gaming Edition MAP-D6PN-AFNPC-R1,120x120x25 mm | 53.4 CFM | 2018-07-27発売
Enermax LIQTECH TR4 II ELC-LTTRTO240-TBP,水冷型 | 120x120x25 mm | 102.2 CFM | 2018-11-17発売
GAMDIAS CHIONE M1A-280R,水冷型 | 140x140x25 mm | 2018-11-23発売
Deepcool GAMMAXX GTE V2 WHITE DP-MCH4-GMX-GTE-V2WH,サイドフロー型 | 120x120x25 mm | 64.5 CFM
Be Quiet Silent Loop 120mm BW001,水冷型 | 120x120x25 mm | 65.5 CFM | 2018-09-18発売
Enermax ETS-T50A-WVS,サイドフロー型 | 2016-12-22発売
Enermax LIQTECH II Universal ELC-LTTO360-TBP-W,水冷型 | 120x120x25 mm | 102.2 CFM | 2019-02-09発売
Thermaltake Water 3.0 Riing Edition CL-W107-PL12SW-A,水冷型 | 2016-04-15発売
Aardwolf APCS11H,サイドフロー型 | 120x120x25 mm | 2017-06-13発売
Raijintek JUNO X BLUE 0R100059,トップフロー型 | 2017-06-24発売
Noctua NH-L9x65 SE-AM4,92x92x14 mm
GAMDIAS CHIONE M1A-240R,水冷型 | 120x120x25 mm | 2018-11-23発売
Noctua NH-U9 TR4-SP3,サイドフロー型 | 92x92x25 mm
Jonsbo CR-201-RGB,サイドフロー型 | 120x120x25 mm | 40.0 CFM | 2017-11-01発売
Deepcool GAMER STORM CAPTAIN 240 EX WHITE RGB,水冷型 | 120x120x25 mm | 153.0 CFM
Jonsbo CR-301-RGB,トップフロー型 | 120x120x25 mm | 45.1 CFM | 2018-06-07発売
Thermaltake Water 3.0 Riing Edition CL-W108-PL12SW-A,水冷型 | 2016-04-15発売
クーラーマスター MasterAir Maker 8 MAZ-T8PN-418PR-R1,サイドフロー型 | 140x140x25 mm | 66.0 CFM | 2016-07-08発売
クーラーマスター MasterLiquid Maker 240 MLZ-N24L-C20PC-R1,水冷型 | 120x120x25 mm | 66.7 CFM | 2018-07-13発売
クーラーマスター MasterLiquid ML240R RGB Phantom Gaming Edition MLX-D24M-A20PC-RP,水冷型 | 120x120x25 mm | 66.7 CFM | 2019-04-26発売
クーラーマスター MasterLiquid Pro 120 MLY-D12X-A20MB-J1,水冷型 | 2016-09-15発売
クーラーマスター MasterAir MA620P MAP-D6PN-218PC-R1,サイドフロー型 | 120x120x25 mm | 53.4 CFM | 2018-11-02発売
Noctua NH-U12DX i4,120x120x25 mm
Enermax ELC-LTTR360-TBP,水冷型 | 120x120x25 mm | 102.2 CFM | 2017-09-09発売
Raidmax COBRA-RGB-240,水冷型 | 120x120x25 mm | 88.3 CFM | 2018-07-01発売
GAMDIAS Chione E1-120,水冷型 | 120x120x25 mm | 45.2 CFM | 2018-06-29発売
Silverstone SST-TD02-E-V2,水冷型
NZXT KRAKEN X52 RL-KRX52-01,水冷型 | 2016-12-01発売
Silverstone SST-HE02-V2,ファンレス
Silverstone SST-AR10-115XP,サイドフロー型 | 70x70x15 mm | 19.5 CFM
Antec Neptune 120 ARGB,水冷型 | 120x120x25 mm | 77.0 CFM | 2020-01-25発売
Silverstone SST-AR09-115XP,サイドフロー型 | 60x60x25 mm | 27.9 CFM
COUGAR Helor 240 RH-HLR240-V1,水冷型 | 120x120x25 mm | 78.4 CFM | 2020-09-10発売
Cryorig A SERIES A40 ULTIMATE V2,水冷型 | 2017-10-13発売
Supermicro SNK-P0068PSC,
Silverstone SST-AR10-115XS,
サイズ 無限五 SCMG-5000,サイドフロー型 | 2017-01-06発売
Deepcool GAMMAXX GT DP-MCH4-GMX-RGB-GT,サイドフロー型 | 120x120x25 mm | 56.5 CFM | 2018-12-21発売
Raijintek JUNO X RED 0R100057,トップフロー型 | 92x92x25 mm | 52.0 CFM | 2017-06-24発売
darkFlash DF-SHADOW-3PRGB,トップフロー型 | 100x100x25 mm | 29.3 CFM | 2019-02-07発売
Alphacool Eisbaer LT 120,水冷型 | 63.9 CFM
Supermicro SNK-P0067PSM,
Deepcool GAMER STORM Castle 240 RGB,水冷型 | 120x120x25 mm | 69.3 CFM
サイズ 虎徹 Mark II TUF GAMING ALLIANCE SCKTT-2000TUF,サイドフロー型 | 120x120x27 mm | 51.2 CFM | 2018-10-25発売
Thermaltake Riing Silent 12 CL-P022-AL12BU-A,サイドフロー型 | 2016-04-15発売
Thermalright TRUE Spirit 90 Direct,92x92x25 mm | 39.4 CFM | 2017-09-15発売
Noctua NH-D9 DX-3647 4U,サイドフロー型 | 92x92x25 mm | 2018-01-01発売
Silverstone SST-AR08-V2,サイドフロー型 | 92x92x25 mm | 49.5 CFM
Alphacool Eisbaer LT 240,水冷型 | 63.9 CFM | 2018-06-27発売
Antec Mercury 120,水冷型 | 120x120x25 mm | 73.3 CFM | 2017-06-10発売
Deepcool GAMER STORM CAPTAIN 240 EX DP-GS-H12L-CT240A4,水冷型 | 120x120x25 mm | 153.0 CFM
Antec Mercury360 v2,水冷型 | 120x120x25 mm | 73.3 CFM | 2018-03-31発売
Thermalright TRUE Spirit 90M Rev.B,サイドフロー型 | 92x92x25 mm | 39.4 CFM | 2020-01-22発売
GAMDIAS CHIONE P2-360R,水冷型 | 120x120x25 mm | 55.0 CFM | 2019-09-20発売
Noctua NH-U9DX i4,92x92x25 mm
Enermax AQUAFUSION ELC-AQF120-SQA-W,水冷型 | 120x120x26 mm | 79.8 CFM | 2019-09-20発売
Be Quiet PURE ROCK BK009,サイドフロー型 | 120x120x25 mm | 51.4 CFM | 2018-09-18発売
クーラーマスター MasterLiquid ML120RS RGB MLX-S12M-A20PC-R1,水冷型 | 120x120x25 mm | 66.7 CFM | 2019-04-26発売
サイズ IZUNA SCIZN-1000I,サイドフロー型 | 120x120x25 mm | 79.0 CFM | 2017-01-06発売
Antec Mercury120 RGB,水冷型 | 120x120x25 mm | 73.3 CFM | 2018-07-28発売
NZXT KRAKEN X72 RL-KRX72-01,水冷型 | 2018-03-23発売
Silverstone SST-NT08-115X-V2,トップフロー型 | 92x92x25 mm | 57.0 CFM
Thermaltake Riing Silent 12 Pro CL-P021-CA12BU-A,サイドフロー型 | 2016-09-09発売
クーラーマスター MasterAir MA410P TUF Gaming Edition MAP-T4PN-AFNPC-R1,サイドフロー型 | 120x120x25 mm | 66.7 CFM | 2019-04-12発売
GAMDIAS CHIONE M2-240R,水冷型 | 120x120x25 mm | 55.0 CFM | 2019-09-20発売
Corsair H100i V2 CW-9060025-WW,水冷型 | 120x120x25 mm | 70.7 CFM | 2016-04-09発売
Deepcool GAMMAXX L240 DP-H24RF-GL240RGB,水冷型 | 120x120x25 mm | 69.3 CFM
Enermax LIQFUSION ELC-LF360-RGB,水冷型 | 120x120x25 mm | 102.2 CFM | 2019-01-26発売
Supermicro SNK-P0070APS4,
Noctua NH-D9DX i4 3U,92x92x25 mm
Deepcool GAMER STORM CAPTAIN 120 EX DP-GS-H12L-CT120A4,水冷型 | 120x120x25 mm | 76.5 CFM
Silverstone SST-PF240-ARGB,水冷型 | 120x120x25 mm | 94.0 CFM | 2019-08-16発売
Deepcool GAMMAXX GT TGA DP-MCH4-GMX-GT-TUF,120x120x25 mm | 56.5 CFM | 2018-10-26発売
クーラーマスター MasterLiquid ML240RS RGB MLX-S24M-A20PC-R1,水冷型 | 120x120x25 mm | 66.7 CFM | 2019-04-26発売
Corsair H110i CW-9060026-WW,水冷型 | 140x140x25 mm | 113.0 CFM | 2016-04-09発売
クーラーマスター Hyper H411R RR-H411-20PW-R1,サイドフロー型 | 92x92x25 mm | 34.1 CFM | 2018-01-12発売
クーラーマスター MasterAir MA410M TUF Gaming Edition MAM-T4PN-AFNPC-R1,サイドフロー型 | 120x120x25 mm | 53.4 CFM | 2018-07-27発売
Raijintek ORCUS 240 0R100069,水冷型 | 120x120x25 mm | 42.2 CFM
Thermaltake Floe Riing RGB 360 TT Premium Edition CL-W158-PL12SW-A,水冷型 | 120x120x25 mm | 42.3 CFM | 2017-11-22発売
Silverstone SST-KR01,80x80x15 mm | 34.3 CFM | 2018-11-13発売
Corsair iCUE H150i ELITE CAPELLIX CW-9060048-WW,水冷型 | 120x120x25 mm | 75.0 CFM | 2021-01-30発売
Corsair iCUE H115i ELITE CAPELLIX CW-9060047-WW,水冷型 | 140x140x25 mm | 2021-01-30発売
Corsair iCUE H100i ELITE CAPELLIX CW-9060046-WW,水冷型 | 120x120x25 mm | 75.0 CFM | 2021-01-30発売
