Biostar A10N-9830E,Mini ITX | 2020-05-29発売
MSI MPG B550 GAMING PLUS,AMD B550 | ATX | Socket AM4 | USB Type-C | 2020-07-10発売
ASRock B460M Pro4,INTEL B460 | MicroATX | LGA 1200 | USB Type-C
ASUS TUF B450M-PLUS GAMING,AMD B450 | MicroATX | Socket AM4 | USB Type-C | 2018-07-31発売
ASUS TUF GAMING B550-PLUS,AMD B550 | ATX | Socket AM4 | USB Type-C | 2020-06-20発売
MSI MEG B550 UNIFY,AMD B550 | ATX | Socket AM4 | USB Type-C | Wi-Fi 6 | 2020-12-11発売
MSI MEG X570 UNIFY,AMD X570 | ATX | Socket AM4 | USB Type-C | Wi-Fi 6 | 2019-11-15発売
ASUS ROG STRIX B550-I GAMING,AMD B550 | Mini ITX | Socket AM4 | USB Type-C | Wi-Fi 6 | 2020-06-01発売
ギガバイト B460M DS3H,INTEL B460 | MicroATX | LGA 1200
MSI B450M MORTAR MAX,AMD B450 | MicroATX | Socket AM4 | USB Type-C
ASUS PRIME B460M-A,INTEL B460 | MicroATX | LGA 1200 | 2020-07-03発売
ASRock H470 Phantom Gaming 4,INTEL H470 | ATX | LGA 1200 | USB Type-C
ASUS ROG STRIX B550-F GAMING (WI-FI),AMD B550 | ATX | Socket AM4 | USB Type-C | Wi-Fi 6 | 2020-06-20発売
ASUS TUF GAMING B460M-PLUS,INTEL B460 | MicroATX | LGA 1200 | 2020-06-26発売
ASRock B550 Steel Legend,AMD B550 | ATX | Socket AM4 | USB Type-C | 2020-06-20発売
MSI MAG B550 TOMAHAWK,AMD B550 | ATX | Socket AM4 | USB Type-C | 2020-06-20発売
ASUS TUF GAMING X570-PLUS,AMD X570 | ATX | Socket AM4 | USB Type-C | 2019-07-12発売
ASUS TUF B450-PLUS GAMING,AMD B450 | ATX | Socket AM4 | USB Type-C | 2018-07-31発売
ASRock Fatal1ty B450 Gaming-ITX/ac,AMD B450 | Mini ITX | Socket AM4 | USB Type-C | 2018-07-31発売
ASUS ROG STRIX B550-A GAMING,AMD B550 | ATX | Socket AM4 | USB Type-C
Biostar Z490GTA EVO,INTEL Z490 | ATX | LGA 1200 | USB Type-C | 2020-05-20発売
ASUS ROG STRIX B550-A GAMING,AMD B550 | ATX | Socket AM4 | USB Type-C
ASRock Fatal1ty B450 Gaming-ITX/ac,AMD B450 | Mini ITX | Socket AM4 | USB Type-C | 2018-07-31発売
ASRock B550M Steel Legend,AMD B550 | MicroATX | Socket AM4 | USB Type-C | 2020-06-20発売
ASRock X570 Taichi Razer Edition,AMD X570 | ATX | Socket AM4 | USB Type-C | Wi-Fi 6 | 2020-12-11発売
ASRock B550M Pro4,AMD B550 | MicroATX | Socket AM4 | USB Type-C | 2020-06-20発売
ASUS ROG STRIX Z490-A GAMING,INTEL Z490 | ATX | LGA 1200 | USB Type-C | 2020-05-20発売
MSI H310M PRO-VDH PLUS,INTEL H310 | MicroATX | LGA 1151 | 2019-04-05発売
ギガバイト B550I AORUS PRO AX,AMD B550 | Mini ITX | Socket AM4 | USB Type-C | Wi-Fi 6 | 2020-06-20発売
MSI MAG B550 TOMAHAWK,AMD B550 | ATX | Socket AM4 | USB Type-C | 2020-06-20発売
ASUS PRIME H410I-PLUS/CSM,INTEL H410 | Mini ITX | LGA 1200 | 2020-09-18発売
MSI MPG Z490 GAMING CARBON WIFI,INTEL Z490 | ATX | LGA 1200 | USB Type-C | Wi-Fi 6
ASUS ROG STRIX Z490-E GAMING,INTEL Z490 | ATX | LGA 1200 | USB Type-C | Wi-Fi 6 | 2020-05-20発売
Biostar H410MH,INTEL H410 | MicroATX | LGA 1200 | 2020-05-27発売
ASUS TUF B450M-PRO GAMING,AMD B450 | MicroATX | Socket AM4 | USB Type-C | 2019-03-22発売
ASUS PRIME H310M-E R2.0,INTEL H310 | MicroATX | LGA 1151 | 2019-05-24発売
ASUS ROG STRIX X570-E GAMING,AMD X570 | ATX | Socket AM4 | USB Type-C | Wi-Fi 6 | 2019-07-07発売
ASUS ROG STRIX B460-I GAMING,INTEL B460 | Mini ITX | LGA 1200 | USB Type-C | Wi-Fi 6 | 2020-07-10発売
ASUS TUF GAMING B550M-PLUS (WI-FI),AMD B550 | MicroATX | Socket AM4 | USB Type-C | Wi-Fi 6 | 2020-06-20発売
MSI B550-A PRO,AMD B550 | ATX | Socket AM4 | USB Type-C | 2020-07-10発売
MSI Z490-A PRO,INTEL Z490 | ATX | LGA 1200 | USB Type-C
MSI MPG Z490 GAMING PLUS,INTEL Z490 | ATX | LGA 1200 | USB Type-C
Biostar H410MH,INTEL H410 | MicroATX | LGA 1200 | 2020-05-27発売
ASUS ROG STRIX X570-F GAMING,AMD X570 | ATX | Socket AM4 | USB Type-C | 2019-07-07発売
MSI MPG B550I GAMING EDGE WIFI,AMD B550 | Mini ITX | Socket AM4 | USB Type-C | Wi-Fi 6 | 2020-07-10発売
ASUS TUF GAMING H470-PRO,INTEL H470 | ATX | LGA 1200 | USB Type-C | 2020-05-27発売
ASUS PRIME Z490-A,INTEL Z490 | ATX | LGA 1200 | USB Type-C | 2020-05-20発売
ASUS TUF GAMING B550M-PLUS (WI-FI),AMD B550 | MicroATX | Socket AM4 | USB Type-C | Wi-Fi 6 | 2020-06-20発売
ASRock Z490 Phantom Gaming-ITX/TB3,INTEL Z490 | Mini ITX | LGA 1200 | USB Type-C | Thunderbolt 3 | Wi-Fi 6 | 2020-05-01発売
ASRock H470M-ITX/ac,INTEL H470 | Mini ITX | LGA 1200 | USB Type-C
ASRock X570 Steel Legend,AMD X570 | ATX | Socket AM4 | USB Type-C | 2019-07-07発売
ASUS ROG CROSSHAIR VIII FORMULA,AMD X570 | ATX | Socket AM4 | USB Type-C | Wi-Fi 6 | 2019-07-07発売
MSI MAG B460M MORTAR WIFI,INTEL B460 | MicroATX | LGA 1200 | USB Type-C | Wi-Fi 6 | 2020-06-19発売
ASUS TUF GAMING B460-PLUS,INTEL B460 | ATX | LGA 1200 | 2020-07-03発売
ギガバイト B550 AORUS PRO AX,AMD B550 | ATX | Socket AM4 | USB Type-C | Wi-Fi 6 | 2020-12-11発売
ASUS TUF GAMING B460M-PLUS (WI-FI),INTEL B460 | MicroATX | LGA 1200 | Wi-Fi 6 | 2020-06-26発売
MSI B450-A PRO MAX,AMD B450 | ATX | Socket AM4 | 2019-10-04発売
ASRock X570 PG Velocita,AMD X570 | ATX | Socket AM4 | USB Type-C | Wi-Fi 6 | 2020-11-20発売
ギガバイト H470I AORUS PRO AX,INTEL H470 | Mini ITX | LGA 1200 | USB Type-C | Wi-Fi 6
ASRock H410M-HDV/M.2,INTEL H410 | MicroATX | LGA 1200
MSI B450-A PRO MAX,AMD B450 | ATX | Socket AM4 | 2019-10-04発売
ギガバイト H470 HD3,INTEL H470 | ATX | LGA 1200 | USB Type-C
ASRock A320M-HDV R4.0,AMD A320 | MicroATX | Socket AM4 | 2018-12-01発売
ASUS ROG STRIX B550-F GAMING,AMD B550 | ATX | Socket AM4 | USB Type-C | 2020-06-20発売
MSI MPG B550 GAMING CARBON WIFI,AMD B550 | ATX | Socket AM4 | USB Type-C | Wi-Fi 6 | 2020-07-10発売
ASUS ROG STRIX H470-I GAMING,INTEL H470 | Mini ITX | LGA 1200 | USB Type-C | Wi-Fi 6 | 2020-05-27発売
ASUS TUF GAMING B460-PLUS,INTEL B460 | ATX | LGA 1200 | 2020-07-03発売
ASRock J5040-ITX,Mini ITX | 2020-11-20発売
ASRock H470M Pro4,INTEL H470 | MicroATX | LGA 1200 | USB Type-C
MSI MPG B550 GAMING EDGE WIFI,AMD B550 | ATX | Socket AM4 | USB Type-C | Wi-Fi 6 | 2020-06-20発売
ASRock Z390 Pro4,INTEL Z390 | ATX | LGA 1151 | USB Type-C | 2018-10-09発売
ASUS ROG STRIX B550-E GAMING,AMD B550 | ATX | Socket AM4 | USB Type-C | Wi-Fi 6 | 2020-06-20発売
ASUS ROG STRIX Z490-G GAMING,INTEL Z490 | MicroATX | LGA 1200 | USB Type-C | 2020-05-20発売
ASRock B550 Phantom Gaming-ITX/ax,AMD B550 | Mini ITX | Socket AM4 | USB Type-C | Wi-Fi 6 | 2020-06-27発売
MSI B460M-A PRO,INTEL B460 | MicroATX | LGA 1200 | 2020-06-19発売
ASUS TUF GAMING Z490-PLUS,INTEL Z490 | ATX | LGA 1200 | USB Type-C | 2020-05-20発売
ASUS TUF GAMING Z490-PLUS (WI-FI),INTEL Z490 | ATX | LGA 1200 | USB Type-C | Wi-Fi 6 | 2020-05-20発売
MSI B450 GAMING PLUS MAX,AMD B450 | ATX | Socket AM4 | 2019-08-09発売
ASRock B460M Steel Legend,INTEL B460 | MicroATX | LGA 1200 | USB Type-C
ASRock B360M-ITX/ac,INTEL B360 | Mini ITX | LGA 1151 | 2018-04-26発売
ギガバイト H410M S2H,INTEL H410 | MicroATX | LGA 1200
MSI MEG X570 ACE,AMD X570 | ATX | Socket AM4 | USB Type-C | Wi-Fi 6 | 2019-07-07発売
ASUS H61M-K,INTEL H61 | MicroATX | LGA 1155
ASRock H410M-ITX/ac,INTEL H410 | Mini ITX | LGA 1200
ASUS PRIME Z490-P,INTEL Z490 | ATX | LGA 1200 | 2020-05-20発売
MSI B460M PRO-VDH WIFI,INTEL B460 | MicroATX | LGA 1200 | 2020-06-19発売
ギガバイト B450 I AORUS PRO WIFI,AMD B450 | Mini ITX | Socket AM4 | 2018-08-25発売
ASUS TUF GAMING B460-PRO (WI-FI),INTEL B460 | ATX | LGA 1200 | Wi-Fi 6 | 2020-07-10発売
Biostar B450GT,AMD B450 | MicroATX | Socket AM4 | 2020-06-24発売
ASUS PRIME B550M-A,AMD B550 | MicroATX | Socket AM4 | 2020-06-20発売
ASUS PRIME B450-PLUS,AMD B450 | ATX | Socket AM4 | USB Type-C | 2018-07-31発売
ASRock B450M Pro4,AMD B450 | MicroATX | Socket AM4 | USB Type-C | 2018-07-31発売
MSI MAG Z490 TOMAHAWK,INTEL Z490 | ATX | LGA 1200 | USB Type-C
MSI MEG Z490I UNIFY,INTEL Z490 | Mini ITX | LGA 1200 | USB Type-C | Thunderbolt 3 | Wi-Fi 6 | 2020-05-20発売
ギガバイト X299X AORUS XTREME WATERFORCE,INTEL X299 | XL-ATX | LGA 2066 | USB Type-C | Thunderbolt 3 | Wi-Fi 6 | 2019-11-15発売
ASUS PRIME B460I-PLUS/CSM,INTEL B460 | Mini ITX | LGA 1200 | 2020-09-18発売
MSI B450 TOMAHAWK MAX,AMD B450 | ATX | Socket AM4 | USB Type-C
ASUS PRO H410M-C/CSM,INTEL H410 | MicroATX | LGA 1200 | 2020-09-18発売
ASRock X570M Pro4,AMD X570 | MicroATX | Socket AM4 | USB Type-C | 2019-07-01発売
ASUS ROG CROSSHAIR VIII HERO (WI-FI),AMD X570 | ATX | Socket AM4 | USB Type-C | Wi-Fi 6 | 2019-07-07発売
ASRock B450M Steel Legend,AMD B450 | MicroATX | Socket AM4 | USB Type-C | 2019-03-01発売
MSI MAG B460 TOMAHAWK,INTEL B460 | ATX | LGA 1200 | USB Type-C | 2020-06-19発売
ASUS PRIME B550M-A (WI-FI),AMD B550 | MicroATX | Socket AM4 | Wi-Fi 6 | 2020-06-20発売
MSI A520M-A PRO,AMD A520 | MicroATX | Socket AM4 | 2020-09-05発売
ASUS PRIME H470M-PLUS,INTEL H470 | MicroATX | LGA 1200 | USB Type-C | 2020-05-27発売
ASRock H310CM-HDV/M.2,INTEL H310 | MicroATX | LGA 1151 | 2018-08-01発売
ASRock X570 Taichi,AMD X570 | ATX | Socket AM4 | USB Type-C | Wi-Fi 6 | 2019-07-07発売
ASRock H470 Steel Legend,INTEL H470 | ATX | LGA 1200 | USB Type-C
ASRock Z490 Steel Legend,INTEL Z490 | ATX | LGA 1200 | USB Type-C | 2020-05-20発売
ASRock B550 Pro4,AMD B550 | ATX | Socket AM4 | USB Type-C | 2020-06-20発売
ASRock A520M-ITX/ac,AMD A520 | Mini ITX | Socket AM4 | USB Type-C | 2020-08-01発売
ギガバイト X570 AORUS MASTER,AMD X570 | ATX | Socket AM4 | USB Type-C | Wi-Fi 6
ASUS TUF GAMING H470-PRO (WI-FI),INTEL H470 | ATX | LGA 1200 | USB Type-C | Wi-Fi 6 | 2020-05-27発売
ASRock B550 Phantom Gaming 4,AMD B550 | ATX | Socket AM4 | 2020-06-20発売
ASRock B550 Taichi,AMD B550 | ATX | Socket AM4 | USB Type-C | Wi-Fi 6
Biostar A10N-8800E Ver. 6.1,Mini ITX | 2019-08-09発売
ギガバイト X570 AORUS XTREME,AMD X570 | Extended | Socket AM4 | USB Type-C | Wi-Fi 6 | 2019-07-12発売
MSI A520M PRO-C DASH,AMD A520 | MicroATX | Socket AM4 | 2020-10-01発売
ASRock Z490M Pro4,INTEL Z490 | MicroATX | LGA 1200 | USB Type-C | 2020-05-20発売
ASUS PRIME H310I-PLUS R2.0/CSM,INTEL H310 | Mini ITX | LGA 1151 | 2019-06-07発売
MSI X470 GAMING PRO MAX,AMD X470 | ATX | Socket AM4 | 2019-10-04発売
ギガバイト B550 AORUS ELITE,AMD B550 | ATX | Socket AM4 | 2020-06-20発売
MSI MEG Z490 UNIFY,INTEL Z490 | ATX | LGA 1200 | USB Type-C | Wi-Fi 6 | 2020-05-20発売
ASUS ROG CROSSHAIR VIII IMPACT,AMD X570 | Socket AM4 | USB Type-C | Wi-Fi 6 | 2019-10-11発売
MSI B450M PRO-M2 MAX,AMD B450 | MicroATX | Socket AM4 | 2019-08-30発売
ASUS PRIME H470-PLUS,INTEL H470 | ATX | LGA 1200 | USB Type-C | 2020-05-27発売
ASRock B550M-ITX/ac,AMD B550 | Mini ITX | Socket AM4 | USB Type-C
Biostar B550MH,AMD B550 | MicroATX | Socket AM4 | 2020-07-31発売
MSI MPG Z490M GAMING EDGE WIFI,INTEL Z490 | MicroATX | LGA 1200 | USB Type-C | Wi-Fi 6
Biostar B550GTA,AMD B550 | ATX | Socket AM4 | USB Type-C | 2020-07-23発売
MSI H410M-A PRO,INTEL H410 | MicroATX | LGA 1200 | 2020-07-10発売
ギガバイト B450 AORUS PRO WIFI,AMD B450 | ATX | Socket AM4 | USB Type-C | 2018-07-31発売
MSI MPG X570 GAMING PLUS,AMD X570 | ATX | Socket AM4 | USB Type-C | 2019-07-07発売
ギガバイト Z390 AORUS PRO,INTEL Z390 | ATX | LGA 1151 | USB Type-C | 2018-10-09発売
ASRock A520M Pro4,AMD A520 | MicroATX | Socket AM4 | USB Type-C | 2020-08-01発売
MSI B550M PRO-VDH WIFI,AMD B550 | MicroATX | Socket AM4 | 2020-07-10発売
ASUS PRIME Z490M-PLUS,INTEL Z490 | MicroATX | LGA 1200 | USB Type-C | 2020-05-20発売
ギガバイト Z490 AORUS ELITE,INTEL Z490 | ATX | LGA 1200
ASRock Z390 Steel Legend,INTEL Z390 | ATX | LGA 1151 | USB Type-C | 2019-04-26発売
ASRock X299 Steel Legend,INTEL X299 | ATX | LGA 2066 | USB Type-C | 2019-11-06発売
ASRock B460 Steel Legend,INTEL B460 | ATX | LGA 1200 | USB Type-C
ASUS PRIME B365-PLUS,INTEL B365 | ATX | LGA 1151 | 2019-05-17発売
ギガバイト H370 HD3,INTEL H370 | ATX | LGA 1151 | USB Type-C | 2018-04-03発売
ギガバイト A520I AC,AMD A520 | Mini ITX | Socket AM4 | 2020-10-01発売
ギガバイト X570 AORUS PRO,AMD X570 | ATX | Socket AM4 | USB Type-C | 2020-07-01発売
ASUS PRIME H410M-A,INTEL H410 | MicroATX | LGA 1200 | 2020-05-27発売
ASUS ROG MAXIMUS XII HERO (WI-FI),INTEL Z490 | ATX | LGA 1200 | USB Type-C | Wi-Fi 6 | 2020-05-20発売
NZXT N7 Z490 N7-Z49XT-W1,INTEL Z490 | ATX | LGA 1200 | USB Type-C | Wi-Fi 6 | 2021-01-08発売
ASUS PRIME A320I-K,AMD A320 | Mini ITX | Socket AM4 | 2019-08-09発売
ASUS ROG STRIX Z490-I GAMING,INTEL Z490 | Mini ITX | LGA 1200 | USB Type-C | Wi-Fi 6 | 2020-05-20発売
ギガバイト X570 AORUS MASTER,AMD X570 | ATX | Socket AM4 | USB Type-C | Wi-Fi 6 | 2019-07-07発売
Biostar Z490GTA,INTEL Z490 | ATX | LGA 1200 | 2020-05-20発売
ASRock H310CM-ITX/ac,INTEL H310 | Mini ITX | LGA 1151 | 2018-12-07発売
ASUS TUF B450-PRO GAMING,AMD B450 | ATX | Socket AM4 | USB Type-C | 2019-05-10発売
Biostar A68N-2100K,Mini ITX | 2020-07-10発売
ASRock X570 Pro4,AMD X570 | ATX | Socket AM4 | USB Type-C | 2019-07-01発売
ASRock X570 Phantom Gaming 4,AMD X570 | ATX | Socket AM4 | 2019-07-07発売
ASUS TUF GAMING B550M-PLUS,AMD B550 | MicroATX | Socket AM4 | USB Type-C | 2020-06-20発売
ASUS PRO B460M-C/CSM,INTEL B460 | MicroATX | LGA 1200 | 2020-09-18発売
ASUS PRIME X570-PRO/CSM,AMD X570 | ATX | Socket AM4 | USB Type-C | 2019-07-07発売
ASUS PRIME H410M-E,INTEL H410 | MicroATX | LGA 1200 | 2020-05-27発売
Biostar H410MHG,INTEL H410 | MicroATX | LGA 1200 | 2020-06-24発売
MSI PRESTIGE X570 CREATION,AMD X570 | Extended | Socket AM4 | USB Type-C | Wi-Fi 6 | 2019-07-07発売
ASUS ROG STRIX B460-F GAMING,INTEL B460 | ATX | LGA 1200 | USB Type-C | 2020-06-12発売
ASRock A520M-HDV,AMD A520 | MicroATX | Socket AM4 | 2020-08-01発売
ギガバイト B550M AORUS PRO,AMD B550 | MicroATX | Socket AM4 | USB Type-C | 2020-06-20発売
ASUS PRIME X299-A II,INTEL X299 | ATX | LGA 2066 | USB Type-C | 2019-11-01発売
ASUS PRIME J4005I-C,Mini ITX | 2018-06-01発売
ギガバイト B550 AORUS MASTER,AMD B550 | ATX | Socket AM4 | USB Type-C | Wi-Fi 6 | 2020-06-20発売
MSI MAG B550M MORTAR,AMD B550 | MicroATX | Socket AM4 | USB Type-C | 2020-06-20発売
ASRock Z490 AQUA,INTEL Z490 | Extended | LGA 1200 | USB Type-C | Thunderbolt 3 | Wi-Fi 6
ギガバイト B550M S2H,AMD B550 | MicroATX | Socket AM4 | 2020-06-24発売
ギガバイト H470M DS3H,INTEL H470 | MicroATX | LGA 1200 | USB Type-C
ギガバイト X570 AORUS ELITE,AMD X570 | ATX | Socket AM4 | 2019-07-07発売
ギガバイト Z490 UD AC,INTEL Z490 | ATX | LGA 1200
ASRock B365 Phantom Gaming 4,INTEL B365 | ATX | LGA 1151 | USB Type-C | 2019-02-08発売
ASRock Z390M Pro4,INTEL Z390 | MicroATX | LGA 1151 | USB Type-C | 2018-10-09発売
Biostar X570GTA,AMD X570 | ATX | Socket AM4 | 2019-12-12発売
ASUS PRIME B450M-A,AMD B450 | MicroATX | Socket AM4 | 2018-07-31発売
Biostar FX9830M,MicroATX | 2020-07-10発売
ASUS ROG MAXIMUS XII FORMULA,INTEL Z490 | ATX | LGA 1200 | USB Type-C | Wi-Fi 6 | 2020-05-20発売
ASRock B450 Pro4,AMD B450 | ATX | Socket AM4 | USB Type-C | 2018-07-31発売
ASRock J4125-ITX,Mini ITX | 2020-11-20発売
ASUS ROG STRIX Z490-G GAMING (WI-FI),INTEL Z490 | MicroATX | LGA 1200 | USB Type-C | Wi-Fi 6 | 2020-05-20発売
ギガバイト Z490 AORUS XTREME WATERFORCE,INTEL Z490 | Extended | LGA 1200 | USB Type-C | Thunderbolt 3 | Wi-Fi 6 | 2020-05-20発売
Biostar A520MH,AMD A520 | MicroATX | Socket AM4 | 2020-08-22発売
ASRock B360M-HDV,INTEL B360 | MicroATX | LGA 1151 | 2018-04-01発売
ギガバイト Z390 AORUS ELITE,INTEL Z390 | ATX | LGA 1151 | 2018-10-09発売
ASRock B460M-HDV,INTEL B460 | MicroATX | LGA 1200
MSI MPG Z490 GAMING EDGE WIFI,INTEL Z490 | ATX | LGA 1200 | USB Type-C | Wi-Fi 6
ギガバイト Z370N WIFI,INTEL Z370 | Mini ITX | LGA 1151 | USB Type-C | 2017-11-02発売
ASRock Z490 Extreme4,INTEL Z490 | ATX | LGA 1200 | USB Type-C | 2020-05-20発売
ASRock Z490 Phantom Gaming 4/2.5G,INTEL Z490 | ATX | LGA 1200 | USB Type-C | 2020-05-20発売
ASRock X570 Phantom Gaming-ITX/TB3,AMD X570 | Mini ITX | Socket AM4 | USB Type-C | Thunderbolt 3 | Wi-Fi 6 | 2019-08-24発売
ASRock B550 Taichi Razer Edition,AMD B550 | ATX | Socket AM4 | USB Type-C | Wi-Fi 6 | 2020-12-11発売
ギガバイト B365M DS3H,INTEL B365 | MicroATX | LGA 1151 | 2019-06-14発売
ASUS PRIME A520M-E,AMD A520 | MicroATX | Socket AM4 | 2020-08-22発売
MSI B460M PRO,INTEL B460 | MicroATX | LGA 1200 | 2020-06-26発売
ASRock B550 PG Velocita,AMD B550 | ATX | Socket AM4 | USB Type-C | 2020-06-27発売
ギガバイト Z490M GAMING X,INTEL Z490 | MicroATX | LGA 1200 | USB Type-C
ASUS PRO A520M-C/CSM,AMD A520 | MicroATX | Socket AM4 | 2020-09-18発売
MSI Z370M MORTAR,INTEL Z370 | MicroATX | LGA 1151 | 2017-11-18発売
ASRock Z390 Phantom Gaming 4,INTEL Z390 | ATX | LGA 1151 | USB Type-C | 2018-10-09発売
MSI MAG Z390 TOMAHAWK,INTEL Z390 | ATX | LGA 1151 | USB Type-C | 2018-10-09発売
ASUS Pro WS W480-ACE,INTEL W480 | ATX | LGA 1200 | USB Type-C | Thunderbolt 3 | 2020-07-03発売
ASRock Z490M-ITX/ac,INTEL Z490 | Mini ITX | LGA 1200 | USB Type-C | 2020-05-20発売
ASUS PRIME B550-PLUS,AMD B550 | ATX | Socket AM4 | USB Type-C | 2020-06-01発売
ASUS PRIME Z390-A,INTEL Z390 | ATX | LGA 1151 | USB Type-C | 2018-10-09発売
MSI MEG X570 GODLIKE,AMD X570 | Extended | Socket AM4 | USB Type-C | Wi-Fi 6 | 2019-07-07発売
Colorful CVN B550M GAMING FROZEN V14,AMD B550 | MicroATX | Socket AM4 | USB Type-C
ASUS PRIME B365M-A,INTEL B365 | MicroATX | LGA 1151 | USB Type-C | 2019-04-19発売
Biostar H110MHV3,INTEL H110 | MicroATX | LGA 1151 | 2016-04-22発売
ASRock B365M Pro4,INTEL B365 | MicroATX | LGA 1151 | USB Type-C | 2019-02-01発売
ギガバイト Z490I AORUS ULTRA,INTEL Z490 | Mini ITX | LGA 1200 | USB Type-C | Wi-Fi 6
ASUS ROG Rampage VI Extreme Encore,INTEL X299 | Extended | LGA 2066 | USB Type-C | Wi-Fi 6 | 2019-11-01発売
ASRock B365 Pro4,INTEL B365 | ATX | LGA 1151 | USB Type-C | 2019-09-14発売
ASUS Pro WS X570-ACE,AMD X570 | ATX | Socket AM4 | USB Type-C | 2019-07-07発売
ASRock B365M Phantom Gaming 4,INTEL B365 | MicroATX | LGA 1151 | USB Type-C | 2019-02-08発売
MSI MAG B460M MORTAR,INTEL B460 | MicroATX | LGA 1200 | USB Type-C | 2020-06-01発売
Biostar J1900MH2,MicroATX | 2019-06-21発売
ASRock H370 Pro4,INTEL H370 | ATX | LGA 1151 | USB Type-C | 2018-04-03発売
ギガバイト B450 Gaming X,AMD B450 | ATX | Socket AM4 | 2019-04-26発売
MSI B450M-A PRO MAX,AMD B450 | MicroATX | Socket AM4
ASUS Pro WS X299 SAGE II,INTEL X299 | CEB | LGA 2066 | USB Type-C | 2020-08-28発売
Biostar J1900MH2,MicroATX | 2019-06-21発売
MSI MEG B550 UNIFY-X,AMD B550 | ATX | Socket AM4 | USB Type-C | Wi-Fi 6 | 2020-12-18発売
ギガバイト GA-H110-D3A,INTEL H110 | ATX | LGA 1151 | 2017-07-14発売
ASUS TUF GAMING X570-PLUS (WI-FI),AMD X570 | ATX | Socket AM4 | USB Type-C | 2019-07-07発売
ASRock A320M-ITX,AMD A320 | Mini ITX | Socket AM4 | USB Type-C | 2018-05-18発売
MSI MPG X570 GAMING PRO CARBON WIFI,AMD X570 | ATX | Socket AM4 | USB Type-C | Wi-Fi 6 | 2019-07-07発売
MSI MEG Z490 ACE,INTEL Z490 | ATX | LGA 1200 | USB Type-C | Wi-Fi 6
ASRock Z490 PG Velocita,INTEL Z490 | ATX | LGA 1200 | USB Type-C | 2020-05-20発売
ギガバイト B550M AORUS ELITE,AMD B550 | MicroATX | Socket AM4 | 2020-06-20発売
ASRock Z490 Pro4,INTEL Z490 | ATX | LGA 1200 | USB Type-C | 2020-05-20発売
MSI MAG B460M BAZOOKA,INTEL B460 | MicroATX | LGA 1200 | 2020-06-26発売
ギガバイト B450 AORUS ELITE,AMD B450 | ATX | Socket AM4 | 2018-11-02発売
ギガバイト B450M DS3H,AMD B450 | MicroATX | Socket AM4 | 2019-06-28発売
ギガバイト X570 I AORUS PRO WIFI,AMD X570 | Mini ITX | Socket AM4 | USB Type-C | Wi-Fi 6 | 2019-07-07発売
ギガバイト X299X DESIGNARE 10G,INTEL X299 | Extended | LGA 2066 | USB Type-C | Thunderbolt 3 | Wi-Fi 6 | 2019-11-15発売
ASRock Z490 Taichi,INTEL Z490 | ATX | LGA 1200 | USB Type-C | Wi-Fi 6 | 2020-05-20発売
ギガバイト Z390 DESIGNARE,INTEL Z390 | ATX | LGA 1151 | USB Type-C | Thunderbolt 3 | 2019-02-08発売
ギガバイト B550 AORUS ELITE V2,AMD B550 | ATX | Socket AM4 | 2021-01-22発売
ASUS PRIME Z390M-PLUS,INTEL Z390 | MicroATX | LGA 1151 | 2018-10-09発売
MSI Creator TRX40,AMD TRX40 | Extended | Socket sTRX4 | USB Type-C | Wi-Fi 6
ASUS ROG STRIX X570-I GAMING,AMD X570 | Mini ITX | Socket AM4 | USB Type-C | Wi-Fi 6 | 2019-10-11発売
ASRock B550M-HDV,AMD B550 | MicroATX | Socket AM4
ASRock B550M Phantom Gaming 4,AMD B550 | MicroATX | Socket AM4 | 2020-11-27発売
ASRock B450M-HDV R4.0,AMD B450 | MicroATX | Socket AM4 | 2019-03-08発売
ASRock B365M-HDV,INTEL B365 | MicroATX | LGA 1151 | 2019-05-17発売
MSI MEG Z490 GODLIKE,INTEL Z490 | Extended | LGA 1200 | USB Type-C | Thunderbolt 3 | Wi-Fi 6
ASUS ROG MAXIMUS XII EXTREME,INTEL Z490 | Extended | LGA 1200 | USB Type-C | Wi-Fi 6 | 2020-05-20発売
Supermicro C9Z490-PG,INTEL Z490 | ATX | LGA 1200 | USB Type-C | 2020-07-10発売
MSI MPG X570 GAMING EDGE WIFI,AMD X570 | ATX | Socket AM4 | USB Type-C | 2019-07-07発売
ASRock TRX40 Taichi,AMD TRX40 | ATX | Socket sTRX4 | USB Type-C | Wi-Fi 6
MSI MPG Z490 CARBON EK X,INTEL Z490 | ATX | LGA 1200 | USB Type-C | Wi-Fi 6 | 2020-10-24発売
ギガバイト B550M AORUS PRO-P,AMD B550 | MicroATX | Socket AM4 | USB Type-C | 2021-01-22発売
ギガバイト H470 AORUS PRO AX,INTEL H470 | ATX | LGA 1200 | USB Type-C | Wi-Fi 6
ギガバイト Z490 VISION D,INTEL Z490 | ATX | LGA 1200 | USB Type-C | Thunderbolt 3 | Wi-Fi 6 | 2020-05-20発売
Biostar B550GTQ,AMD B550 | MicroATX | Socket AM4 | USB Type-C | 2020-07-23発売
ギガバイト Z390 M GAMING,INTEL Z390 | MicroATX | LGA 1151 | USB Type-C | 2018-10-09発売
ASUS ProArt Z490-CREATOR 10G,INTEL Z490 | ATX | LGA 1200 | USB Type-C | Thunderbolt 3 | 2020-06-01発売
Biostar B365MHC,INTEL B365 | MicroATX | LGA 1151 | 2019-08-09発売
ASUS PRIME H310M-A R2.0,INTEL H310 | MicroATX | LGA 1151 | 2018-12-21発売
ギガバイト X299X AORUS MASTER,INTEL X299 | Extended | LGA 2066 | USB Type-C | Wi-Fi 6 | 2019-11-15発売
ギガバイト X570 AORUS PRO,AMD X570 | ATX | Socket AM4 | USB Type-C | 2019-07-07発売
NZXT N7 Z490 N7-Z49XT-B1,INTEL Z490 | ATX | LGA 1200 | USB Type-C | Wi-Fi 6 | 2021-01-08発売
ギガバイト TRX40 AORUS XTREME,AMD TRX40 | XL-ATX | Socket sTRX4 | USB Type-C | Wi-Fi 6 | 2019-11-30発売
ギガバイト Z490 VISION D,INTEL Z490 | ATX | LGA 1200 | USB Type-C | Thunderbolt 3 | Wi-Fi 6
MSI X570-A PRO,AMD X570 | ATX | Socket AM4 | USB Type-C | 2019-07-07発売
ASUS TUF GAMING A520M-PLUS,AMD A520 | MicroATX | Socket AM4 | 2020-08-22発売
ASUS PRIME A520M-A,AMD A520 | MicroATX | Socket AM4 | 2020-08-22発売
Biostar Z490GTN,INTEL Z490 | Mini ITX | LGA 1200 | 2020-05-20発売
MSI X299 SLI PLUS,INTEL X299 | ATX | LGA 2066 | USB Type-C | 2017-06-27発売
ASRock Fatal1ty H370 Performance,INTEL H370 | ATX | LGA 1151 | USB Type-C | 2018-04-01発売
ギガバイト X470 AORUS ULTRA GAMING,AMD X470 | ATX | Socket AM4 | USB Type-C | 2018-04-19発売
ASRock X570 Extreme4,AMD X570 | ATX | Socket AM4 | USB Type-C | 2019-07-07発売
ギガバイト Z490 AORUS MASTER,INTEL Z490 | ATX | LGA 1200 | USB Type-C | Wi-Fi 6
ギガバイト Z490 AORUS XTREME,INTEL Z490 | Extended | LGA 1200 | USB Type-C | Thunderbolt 3 | Wi-Fi 6
ギガバイト Z490I AORUS ULTRA,INTEL Z490 | Mini ITX | LGA 1200 | USB Type-C | Wi-Fi 6
ASRock X299 Taichi CLX,INTEL X299 | ATX | LGA 2066 | USB Type-C | Wi-Fi 6 | 2019-12-06発売
MSI B365M PRO-VDH,INTEL B365 | MicroATX | LGA 1151 | USB Type-C | 2019-07-19発売
ASRock H370M Pro4,INTEL H370 | MicroATX | LGA 1151 | USB Type-C | 2018-04-03発売
ASRock X570 Phantom Gaming X,AMD X570 | ATX | Socket AM4 | USB Type-C | Wi-Fi 6 | 2019-07-07発売
MSI Creator X299,INTEL X299 | Extended | LGA 2066 | USB Type-C | Wi-Fi 6 | 2019-11-18発売
MSI Z390-A PRO,INTEL Z390 | ATX | LGA 1151 | USB Type-C | 2018-10-09発売
ASRock X470 MASTER SLI,AMD X470 | ATX | Socket AM4 | USB Type-C | 2018-04-19発売
ASUS ROG STRIX B360-I GAMING,INTEL B360 | Mini ITX | LGA 1151 | USB Type-C | 2018-04-20発売
ギガバイト Z490 AORUS PRO AX,INTEL Z490 | ATX | LGA 1200 | USB Type-C | Wi-Fi 6
ASUS PRIME B460M-K,INTEL B460 | MicroATX | LGA 1200 | 2020-07-03発売
ASUS PRIME B550M-K,AMD B550 | MicroATX | Socket AM4 | 2020-06-01発売
Supermicro SuperO C9Z390-CGW,INTEL Z390 | ATX | LGA 1151 | USB Type-C | 2018-10-26発売
ギガバイト B450 AORUS M,AMD B450 | MicroATX | Socket AM4 | 2018-07-31発売
ギガバイト B450M S2H,AMD B450 | MicroATX | Socket AM4 | 2019-11-01発売
Supermicro X11SSL-F,INTEL C232 | MicroATX | LGA 1151
ASUS PRIME A320M-A,AMD A320 | MicroATX | Socket AM4 | 2017-09-01発売
Supermicro H11DSi,Extended | Socket SP3
ギガバイト A520M S2H,AMD A520 | MicroATX | Socket AM4 | 2020-10-02発売
ギガバイト H370M D3H,INTEL H370 | MicroATX | LGA 1151 | USB Type-C | 2018-04-03発売
MSI MAG A520M VECTOR WIFI,AMD A520 | MicroATX | Socket AM4 | 2020-09-18発売
ASRock X570 Creator,AMD X570 | ATX | Socket AM4 | USB Type-C | Thunderbolt 3 | Wi-Fi 6 | 2019-08-30発売
ASRock X299 Creator,INTEL X299 | ATX | LGA 2066 | USB Type-C | Thunderbolt 3 | Wi-Fi 6
ギガバイト X570 UD,AMD X570 | ATX | Socket AM4
ASUS ROG CROSSHAIR VI HERO,AMD X370 | ATX | Socket AM4 | USB Type-C
ASUS WS C621E SAGE,INTEL C621 | SSI EEB | LGA 3647 | USB Type-C | 2018-03-30発売
Supermicro C9Z490-PGW,INTEL Z490 | ATX | LGA 1200 | USB Type-C | Wi-Fi 6 | 2020-07-10発売
Biostar B460GTQ,INTEL B460 | MicroATX | LGA 1200 | 2020-05-27発売
ASUS ROG Zenith II Extreme Alpha,AMD TRX40 | Extended | Socket sTRX4 | USB Type-C | Wi-Fi 6 | 2020-03-27発売
ASRock Fatal1ty X470 GAMING K4,AMD X470 | ATX | Socket AM4 | USB Type-C | 2018-04-19発売
ASUS ROG MAXIMUS XII APEX,INTEL Z490 | ATX | LGA 1200 | USB Type-C | Wi-Fi 6 | 2020-06-01発売
Supermicro X11DAi-N,INTEL C621 | Extended | LGA 3647 | USB Type-C
ASUS PRIME H310M-A,INTEL H310 | MicroATX | LGA 1151 | 2018-04-03発売
ギガバイト H310M S2H 2.0,INTEL H310 | MicroATX | LGA 1151 | 2018-11-09発売
ASUS WS X299 SAGE/10G,INTEL X299 | CEB | LGA 2066 | USB Type-C | 2018-07-27発売
Biostar B460GTA,INTEL B460 | ATX | LGA 1200 | 2020-05-27発売
ASUS ROG STRIX TRX40-XE GAMING,AMD TRX40 | ATX | Socket sTRX4 | USB Type-C | Wi-Fi 6 | 2020-10-02発売
ASRock AB350M-HDV R4.0,AMD B350 | MicroATX | Socket AM4 | 2018-12-01発売
ASUS PRIME TRX40-PRO S,AMD TRX40 | ATX | Socket sTRX4 | USB Type-C | 2020-06-05発売
ギガバイト Z490 AORUS PRO AX,INTEL Z490 | ATX | LGA 1200 | USB Type-C | Wi-Fi 6
ASUS Z11PA-U12,INTEL C621 | ATX | LGA 3647
ギガバイト X570 UD,AMD X570 | ATX | Socket AM4 | 2019-09-13発売
Colorful H310M-E V20,INTEL H310 | MicroATX | LGA 1151
ギガバイト B550 AORUS PRO AC,AMD B550 | ATX | Socket AM4 | USB Type-C | 2020-06-20発売
ASRock TRX40 Creator,AMD TRX40 | ATX | Socket sTRX4 | USB Type-C | Wi-Fi 6
ASUS WS C246M PRO,INTEL C246 | MicroATX | LGA 1151 | 2018-10-26発売
ギガバイト Z490 AORUS MASTER,INTEL Z490 | ATX | LGA 1200 | USB Type-C | Wi-Fi 6
MSI B450-A PRO,AMD B450 | ATX | Socket AM4 | 2019-04-05発売
MSI MAG B550M BAZOOKA,AMD B550 | MicroATX | Socket AM4 | 2020-07-10発売
ASUS Pro WS C621-64L SAGE/10G,INTEL C621 | CEB | LGA 3647 | USB Type-C | 2019-12-20発売
ASUS PRIME Q270M-C/CSM,INTEL Q270 | MicroATX | LGA 1151 | 2017-05-26発売
Colorful CVN Z490 GAMING PRO V20,INTEL Z490 | ATX | LGA 1200 | USB Type-C
ASUS PRIME B450M-A/CSM,AMD B450 | MicroATX | Socket AM4
ASUS PRIME B365M-K,INTEL B365 | MicroATX | LGA 1151 | 2019-04-19発売
ASRock C226 WS,INTEL C226 | ATX | LGA 1150
ASUS P10S-M WS,INTEL C236 | MicroATX | LGA 1151 | 2016-08-26発売
ASUS P10S-I,INTEL C232 | Mini ITX | LGA 1151
ASUS P10S-X,INTEL C232 | ATX | LGA 1151
ASUS PRIME B450M-K,AMD B450 | MicroATX | Socket AM4 | 2018-07-31発売
Supermicro X11SSL,INTEL C232 | MicroATX | LGA 1151
ASUS Pro WS C621-64L SAGE,INTEL C621 | CEB | LGA 3647 | USB Type-C | 2019-12-20発売
Supermicro X11SCL-IF,INTEL C242 | Mini ITX | LGA 1151
Supermicro X11DPG-QT,INTEL C621 | Proprietary | LGA 3647
ASRock A520M Phantom Gaming 4,AMD A520 | MicroATX | Socket AM4 | 2020-11-27発売
Supermicro X10DAL-i,INTEL C612 | ATX | LGA 2011-3
ASUS ROG STRIX B450-F GAMING,AMD B450 | ATX | Socket AM4 | USB Type-C | 2018-07-31発売
MSI Z370 GAMING PRO CARBON,INTEL Z370 | ATX | LGA 1151 | USB Type-C | 2017-11-02発売
ギガバイト TRX40 AORUS PRO WIFI,AMD TRX40 | ATX | Socket sTRX4 | USB Type-C | Wi-Fi 6 | 2019-11-30発売
Supermicro X11SAE-M,INTEL C236 | MicroATX | LGA 1151
ギガバイト Z390 UD,INTEL Z390 | ATX | LGA 1151
ASRock Z490 Phantom Gaming 4,INTEL Z490 | ATX | LGA 1200 | USB Type-C | 2020-06-01発売
ASUS ROG STRIX X299-E GAMING II,INTEL X299 | ATX | LGA 2066 | USB Type-C | Wi-Fi 6 | 2019-11-01発売
Intel S1200SPSR,INTEL C232 | MicroATX | LGA 1151
ASRock C226M WS,INTEL C226 | MicroATX | LGA 1150
ASUS PRIME A320M-K,AMD A320 | MicroATX | Socket AM4 | 2017-04-26発売
Supermicro X11SSH-LN4F,INTEL C236 | MicroATX | LGA 1151
ギガバイト X470 AORUS GAMING 7 WIFI,AMD X470 | ATX | Socket AM4 | USB Type-C | 2018-12-01発売
Supermicro SuperO C9X299-PG300F,INTEL X299 | ATX | LGA 2066 | USB Type-C | 2020-01-31発売
ギガバイト TRX40 AORUS MASTER,AMD TRX40 | Extended | Socket sTRX4 | USB Type-C | Wi-Fi 6 | 2019-11-30発売
MSI H410M PRO,INTEL H410 | MicroATX | LGA 1200 | 2020-07-10発売
ASUS WS X299 SAGE,INTEL X299 | CEB | LGA 2066 | USB Type-C | 2018-04-06発売
ASRock E3C236D4I-44E85,INTEL C236 | Mini ITX
Supermicro X8SIT-HF,INTEL 3420 | Proprietary | LGA 1156
ギガバイト AORUS GA-Z270X-Gaming 9,INTEL Z270 | Extended | LGA 1151 | 2017-01-14発売
MSI X370 XPOWER GAMING TITANIUM,AMD X370 | ATX | Socket AM4 | USB Type-C | 2017-03-03発売
Supermicro X11DPH-T,INTEL C622 | Extended | LGA 3647
ASUS ROG STRIX B350-F GAMING,AMD B350 | ATX | Socket AM4 | 2017-06-09発売
ASRock C236 WSI,INTEL C236 | Mini ITX | LGA 1151
ASRock EP2C622D16NM,INTEL C622 | SSI EEB | LGA 3647
ASUS WS Z390 PRO,INTEL Z390 | ATX | LGA 1151 | USB Type-C | 2018-12-14発売
Supermicro X11SSQ-L,INTEL H110 | MicroATX | LGA 1151
Supermicro X11SPA-T,INTEL C621 | Extended | LGA 3647 | USB Type-C
ギガバイト H370N WIFI,INTEL H370 | Mini ITX | LGA 1151 | USB Type-C | 2018-04-03発売
Supermicro X11DAC,INTEL C621 | Extended | LGA 3647
ASUS WS X299 PRO,INTEL X299 | ATX | LGA 2066 | USB Type-C | 2018-03-30発売
MSI B450M PRO-VDH MAX,AMD B450 | MicroATX | Socket AM4 | 2019-08-30発売
Supermicro A2SDI-H-TF,Mini ITX
ASUS WS X299 PRO/SE,INTEL X299 | CEB | LGA 2066 | USB Type-C | 2018-04-06発売
ギガバイト X399 DESIGNARE EX,AMD X399 | ATX | Socket TR4 | USB Type-C | 2017-11-11発売
MSI B365M PRO-VH,INTEL B365 | MicroATX | LGA 1151 | 2019-07-19発売
Supermicro X9SPV-F-3610ME,INTEL QM77 | Mini ITX
MSI TRX40 PRO WIFI,AMD TRX40 | ATX | Socket sTRX4 | USB Type-C | Wi-Fi 6
ASUS ROG Zenith II Extreme,AMD TRX40 | Extended | Socket sTRX4 | USB Type-C | Wi-Fi 6
ギガバイト B550 AORUS PRO AC,AMD B550 | ATX | Socket AM4 | USB Type-C | 2020-06-20発売
Supermicro X10DRL-CT,INTEL C612 | ATX | LGA 2011-3
ASUS P10S-V/4L,INTEL C236 | ATX | LGA 1151
ギガバイト Z390 UD,INTEL Z390 | ATX | LGA 1151 | 2018-10-09発売
ギガバイト X470 AORUS GAMING 7 WIFI,AMD X470 | ATX | Socket AM4 | USB Type-C | 2018-04-19発売
ギガバイト Z390 UD,INTEL Z390 | ATX | LGA 1151
Supermicro X11SPA-TF,INTEL C621 | Extended | LGA 3647 | USB Type-C
ASRock B150M Pro4S,INTEL B150 | MicroATX | LGA 1151
ASRock B250M-HDV,INTEL B250 | MicroATX | LGA 1151 | 2017-01-06発売
ASRock C236M WS,INTEL C236 | MicroATX | LGA 1151
Supermicro X8DAH+-LR,INTEL 5520+ICH10R+2x IOH-36D | LGA 1366
MSI Z270 GAMING PLUS,INTEL Z270 | ATX | LGA 1151 | 2017-04-01発売
ギガバイト GA-6LXSL,INTEL H87 | ATX | LGA 1150
ギガバイト X299 AORUS Gaming 9,INTEL X299 | ATX | LGA 2066 | 2017-06-26発売
ASRock Z390M-ITX/ac,INTEL Z390 | Mini ITX | LGA 1151 | USB Type-C | 2018-10-09発売
ASRock Z390 Extreme4,INTEL Z390 | ATX | LGA 1151 | USB Type-C | 2018-10-09発売
ギガバイト GA-Z270N-WIFI,INTEL Z270 | Mini ITX | LGA 1151 | 2017-01-21発売
ASRock H81 Pro BTC R2.0,INTEL H81 | ATX | LGA 1150 | 2017-06-20発売
ASUS PRIME X299-DELUXE,INTEL X299 | ATX | LGA 2066 | 2017-06-27発売
ASUS ROG MAXIMUS XI APEX,INTEL Z390 | ATX | LGA 1151 | USB Type-C | 2019-02-15発売
ギガバイト B360M DS3H,INTEL B360 | MicroATX | LGA 1151 | 2018-04-03発売
ASUS ROG STRIX H370-I GAMING,INTEL H370 | Mini ITX | LGA 1151 | USB Type-C | 2018-04-03発売
ギガバイト MP30-AR0,MicroATX
ASUS P10S-E/4L,INTEL C236 | ATX | LGA 1151
ASUS ROG MAXIMUS IX EXTREME,INTEL Z270 | Extended | LGA 1151 | 2017-06-30発売
ギガバイト GA-AB350M-D3H,AMD B350 | MicroATX | Socket AM4 | 2017-04-08発売
ASUS ROG MAXIMUS XI HERO (WI-FI)/CE,INTEL Z390 | ATX | LGA 1151 | USB Type-C | 2018-10-12発売
ASUS ROG STRIX B250I GAMING,INTEL B250 | Mini ITX | LGA 1151 | 2017-06-09発売
MSI H310-F PRO,INTEL H310 | ATX | LGA 1151 | 2018-04-10発売
MSI B360-F PRO,INTEL B360 | ATX | LGA 1151 | 2018-04-10発売
ASUS WS C422 PRO/SE,INTEL C422 | ATX | LGA 2066 | USB Type-C | 2018-04-06発売
ASUS ROG STRIX X299-E GAMING,INTEL X299 | ATX | LGA 2066 | 2017-07-14発売
MSI Z170-A PRO,INTEL Z170 | ATX | LGA 1151
ギガバイト GA-Z270X-UD5,INTEL Z270 | ATX | LGA 1151 | 2017-01-21発売
ASRock Z97M WS,INTEL Z97 | MicroATX | LGA 1150
Supermicro X9DR7-TF+,INTEL C602J | LGA 2011
MSI MPG Z390 GAMING PRO CARBON AC,INTEL Z390 | ATX | LGA 1151 | USB Type-C | 2019-04-05発売
MSI H270 GAMING M3,INTEL H270 | ATX | LGA 1151 | 2017-01-06発売
Supermicro X10SLL-SF,INTEL C222 | MicroATX | LGA 1150
ギガバイト GA-AB350-Gaming,AMD B350 | ATX | Socket AM4
Supermicro X10DRD-iTP,INTEL C612 | Extended | LGA 2011-3
Supermicro X10SLV,INTEL H81 | Mini ITX | LGA 1150
ASRock B150M-HDV,INTEL B150 | MicroATX | LGA 1151 | 2016-01-29発売
ASRock H370M-ITX/ac,INTEL H370 | Mini ITX | LGA 1151 | 2018-04-01発売
Supermicro X10DRD-LT,INTEL C612 | Extended | LGA 2011-3
Supermicro A2SAN-E,
ASRock E3C236D4M-4L,INTEL C236 | ATX | LGA 1151
Supermicro A1SQN,
ASRock Z370 Killer SLI/ac,INTEL Z370 | ATX | LGA 1151 | USB Type-C | 2017-11-17発売
Supermicro X10DRH-CT,INTEL C612 | Extended | LGA 2011-3
ASUS TUF B360-PLUS GAMING,INTEL B360 | ATX | LGA 1151 | 2018-04-03発売
ASRock Z270 Pro4,INTEL Z270 | ATX | LGA 1151 | 2017-01-06発売
Supermicro X10SDV-4C-7TP4F,FlexATX
Supermicro X10DRL-LN4,INTEL C612 | ATX | LGA 2011-3
Biostar H110MHC Ver. 7.2,INTEL H110 | MicroATX | LGA 1151 | 2020-05-29発売
MSI X299 GAMING PRO CARBON,INTEL X299 | ATX | LGA 2066 | 2017-07-14発売
Biostar X370GTN,AMD X370 | Mini ITX | Socket AM4 | 2017-04-28発売
ASRock Fatal1ty Z270 Gaming-ITX/ac,INTEL Z270 | Mini ITX | LGA 1151 | 2017-01-27発売
ASUS ROG RAMPAGE VI EXTREME,INTEL X299 | Extended | LGA 2066
MSI H270M BAZOOKA,INTEL H270 | MicroATX | LGA 1151 | 2017-01-06発売
Biostar J3060NH,Mini ITX | 2019-06-21発売
Supermicro X9DB3-F,INTEL C606 | LGA 1356
MSI B450M PRO-VDH PLUS,AMD B450 | MicroATX | Socket AM4 | 2019-02-02発売
ASUS PRIME H370M-PLUS,INTEL H370 | MicroATX | LGA 1151 | USB Type-C | 2018-04-03発売
ASRock A320M-HDV,AMD A320 | MicroATX | Socket AM4 | 2017-08-01発売
Supermicro X11SPM-TPF,INTEL C622 | MicroATX | LGA 3647
Supermicro A1SRM-LN7F-2758,MicroATX
MSI MEG Z390 GODLIKE,INTEL Z390 | Extended | LGA 1151 | USB Type-C | 2018-10-09発売
Supermicro X9DRW-CTF31,INTEL C602J | Proprietary | LGA 2011
Supermicro X10SDV-8C-TLN4F+,Mini ITX
Supermicro X10SDV-F,Mini ITX
Supermicro C7Q67-H,INTEL Q67 | ATX | LGA 1155
Supermicro X10SDV-16C+-TLN4F,Mini ITX
ASUS ROG Dominus Extreme,INTEL C621 | SSI EEB | LGA 3647 | USB Type-C | 2019-03-22発売
ギガバイト GA-H270N-WIFI,INTEL H270 | Mini ITX | LGA 1151 | USB Type-C | 2017-01-21発売
ASRock E3C236D4I-44E85,INTEL C236 | Mini ITX
ASRock C236 WS,INTEL C236 | ATX | LGA 1151
Biostar TB250-BTC PRO,INTEL B250 | ATX | LGA 1151 | 2017-07-01発売
Supermicro X9DBi-F,INTEL C602 | LGA 1356
MSI H270 TOMAHAWK ARCTIC DETONATOR EDITION,INTEL H270 | ATX | LGA 1151 | 2017-03-04発売
Supermicro X10SLL+-F,INTEL C222 | MicroATX | LGA 1150
ASUS ROG STRIX Z270G GAMING,INTEL Z270 | MicroATX | LGA 1151 | 2017-01-06発売
Supermicro X7SBT-10G,INTEL X48+ICH9R | Proprietary | LGA 775
Supermicro X10DRH-iT,INTEL C612 | Extended | LGA 2011-3
Supermicro C7Z170-SQ,INTEL Z170 | ATX | LGA 1151 | USB Type-C
Supermicro X11SSV-M4F,INTEL C236 | Mini ITX
Supermicro X9DRD-CNT+,INTEL C602 | LGA 2011
ASUS ROG STRIX X99 GAMING,INTEL X99 | ATX | LGA 2011-3 | 2016-06-03発売
Supermicro H11SSL-C,ATX | Socket SP3
Supermicro X7DCU,INTEL 5100+ICH9R | Proprietary | LGA 771
Supermicro X11SPH-nCTPF,INTEL C622 | ATX | LGA 3647
ギガバイト MW21-SE0,INTEL C232 | MicroATX | LGA 1151
Supermicro X9DBi-TPF,INTEL C602 | LGA 1356
ASUS Pro WS C246-ACE,INTEL C246 | ATX | LGA 1151 | USB Type-C | 2019-08-23発売
Supermicro X8DTU-LN4F+,INTEL 5520+ICH10R+IOH-36D | Proprietary | LGA 1366
Supermicro A2SDI-4C-HLN4F,Mini ITX
ギガバイト MB10-DS4,Mini ITX
ASRock J1900D2Y,Mini ITX
Supermicro X8DTN+-LR,INTEL 5520+ICH10R+IOH-36D | LGA 1366
ASRock Fatal1ty H270 Performance,INTEL H270 | ATX | LGA 1151 | 2017-01-01発売
Supermicro X11SSH-GF-1585,INTEL C236 | MicroATX
Supermicro C9X299-PG300,INTEL X299 | ATX | LGA 2066 | USB Type-C | 2018-09-07発売
Supermicro X11SSL-nF,INTEL C232 | MicroATX | LGA 1151
ASRock AB350M Pro4,AMD B350 | MicroATX | Socket AM4 | USB Type-C | 2017-03-01発売
ギガバイト GA-X170-WS ECC,INTEL C236 | ATX | LGA 1151 | 2016-08-06発売
Supermicro H11SSL-NC,ATX | Socket SP3
MSI X299 TOMAHAWK,INTEL X299 | ATX | LGA 2066 | USB Type-C | 2017-06-27発売
MSI Z170A KRAIT GAMING 3X,INTEL Z170 | ATX | LGA 1151 | 2016-03-12発売
Supermicro X7DCT-3,INTEL 5100+ICH9R | Proprietary | LGA 771
ASUS B150M PRO GAMING,INTEL B150 | MicroATX | LGA 1151 | 2016-06-03発売
MSI B360M GAMING PLUS,INTEL B360 | MicroATX | LGA 1151 | USB Type-C | 2018-04-03発売
ASRock J3710-ITX,Mini ITX | 2016-06-03発売
ギガバイト GA-F2A88X-D3HP,AMD A88X | ATX | Socket FM2+/FM2 | 2016-02-13発売
ASRock B360M Pro4,INTEL B360 | MicroATX | LGA 1151 | USB Type-C | 2018-04-01発売
ASRock E3C226D2I,INTEL C226 | Mini ITX | LGA 1150
ASUS WS C422 SAGE/10G,INTEL C422 | CEB | LGA 2066 | USB Type-C | 2018-07-27発売
Supermicro X9QR7-TF-JBOD,INTEL C602 | Proprietary | LGA 2011
ギガバイト GA-Z270N-Gaming 5,INTEL Z270 | Mini ITX | LGA 1151 | 2017-03-18発売
ASUS B150 PRO GAMING,INTEL B150 | ATX | LGA 1151 | 2016-02-26発売
MSI B360 GAMING PLUS,INTEL B360 | ATX | LGA 1151
ASRock B85M-HDS R2.0,INTEL B85 | MicroATX | LGA 1150
Intel DBS2600CWTSR,INTEL C612 | SSI EEB | LGA 2011-3
ASUS ROG CROSSHAIR VI HERO (WI-FI AC),AMD X370 | ATX | Socket AM4
ASUS H110S1,INTEL H110 | Mini STX | LGA 1151
ギガバイト GA-H81M-S2H GSM,INTEL H81 | MicroATX | LGA 1150
ASRock H310M-DGS,INTEL H310 | MicroATX | LGA 1151
MSI Z370-A PRO,INTEL Z370 | ATX | LGA 1151
ASUS PRIME H270M-PLUS,INTEL H270 | MicroATX | LGA 1151 | 2017-01-06発売
Supermicro X7DBU,INTEL 5000P+ESB2 | Proprietary | LGA 771
ギガバイト GA-7PESH4,INTEL C602 | LGA 2011
ギガバイト GA-Z270-Gaming K3,INTEL Z270 | ATX | LGA 1151
ギガバイト GA-H270-HD3P,INTEL H270 | ATX | LGA 1151 | 2017-01-06発売
ギガバイト H310N 2.0,INTEL H310 | Mini ITX | LGA 1151 | 2019-07-05発売
ASUS ROG STRIX X399-E GAMING,AMD X399 | Extended | Socket TR4 | USB Type-C | 2018-03-09発売
MSI Z170A TOMAHAWK AC,INTEL Z170 | ATX | LGA 1151
Biostar Z270GT9,INTEL Z270 | ATX | LGA 1151 | 2017-01-27発売
ASUS PRIME B360M-K,INTEL B360 | MicroATX | LGA 1151
Supermicro X7SBT,INTEL X48+ICH9R | Proprietary | LGA 775
Supermicro C7H61,INTEL H61 | ATX | LGA 1155
ASRock H110M-STX,INTEL H110 | Mini STX | LGA 1151
ギガバイト MH60-RE1,INTEL C612 | LGA 2011-3
ASRock H110M-DVS R3.0,INTEL H110 | MicroATX | LGA 1151 | 2016-10-21発売
ASRock 970A-G/3.1,AMD 970+SB950 | ATX | Socket AM3+/AM3 | 2016-02-12発売
Supermicro X11SSM-F,INTEL C236 | MicroATX | LGA 1151
Supermicro X9DRH-iF-NV,INTEL C602 | Extended | LGA 2011
MSI X99A GAMING PRO CARBON,INTEL X99 | ATX | LGA 2011-3 | 2016-05-28発売
ギガバイト X299 UD4,INTEL X299 | ATX | LGA 2066 | 2017-07-08発売
Biostar X370GT5/LED FAN,AMD X370 | ATX | Socket AM4 | 2017-03-03発売
ASRock E3V5 WS,INTEL C232 | ATX | LGA 1151 | 2016-01-29発売
Supermicro X11DPH-T,INTEL C622 | Extended | LGA 3647
MSI A320M GAMING PRO,AMD A320 | MicroATX | Socket AM4 | 2017-04-29発売
Supermicro X11SSH-GF-1585L,INTEL C236 | MicroATX
ASRock X299 OC Formula,INTEL X299 | ATX | LGA 2066 | 2017-09-29発売
ギガバイト GA-Z170MX-Gaming 5,INTEL Z170 | MicroATX | LGA 1151
ASRock J3060M,MicroATX | 2016-01-01発売
MSI X370 GAMING PRO,AMD X370 | ATX | Socket AM4 | USB Type-C | 2017-04-08発売
Supermicro H11SSW-NT,Proprietary | Socket SP3
MSI B250 PC MATE,INTEL B250 | ATX | LGA 1151
ASRock H110M-ITX/ac,INTEL H110 | Mini ITX | LGA 1151 | 2016-04-29発売
ASRock X470 Taichi Ultimate,AMD X470 | ATX | Socket AM4 | USB Type-C | 2018-05-02発売
ASRock J3455 Pro BTC+,
MSI Z370 GODLIKE GAMING,INTEL Z370 | Extended | LGA 1151 | 2017-11-02発売
MSI B350M GAMING PRO,AMD B350 | MicroATX | Socket AM4 | 2017-03-18発売
ASUS H81M-C,INTEL H81 | MicroATX | LGA 1150
MSI E3M WORKSTATION V5,INTEL C232 | MicroATX | LGA 1151 | 2016-05-28発売
ASUS H110M-C2/CSM,INTEL H110 | MicroATX | LGA 1151 | 2018-03-16発売
ASRock Fatal1ty X99 Professional Gaming i7,INTEL X99 | ATX | LGA 2011-3 | 2016-07-22発売
MSI X299M GAMING PRO CARBON AC,INTEL X299 | MicroATX | LGA 2066 | 2017-08-26発売
ASRock H270M Pro4,INTEL H270 | MicroATX | LGA 1151 | 2017-01-06発売
ASUS 970 PRO GAMING/AURA,AMD 970+SB950 | ATX | Socket AM3+/AM3
ASUS PRIME H370-A/CSM,INTEL H370 | ATX | LGA 1151
Supermicro X10SLX-F,INTEL C222 | ATX | LGA 1150
Biostar TB250-BTC D+,INTEL B250 | LGA 1151 | 2018-04-13発売
Supermicro X11SPH-nCTF,INTEL C622 | ATX | LGA 3647
ギガバイト C621 AORUS XTREME,INTEL C621 | Extended | LGA 3647
ASUS PRIME Z370-A II,INTEL Z370 | ATX | LGA 1151 | USB Type-C
MSI Z270 GAMING PRO,INTEL Z270 | ATX | LGA 1151 | 2017-02-25発売
ギガバイト MH70-HD1,INTEL C612 | LGA 2011-3
MSI X299 GAMING PRO CARBON AC,INTEL X299 | ATX | LGA 2066 | 2017-06-27発売
Biostar Z370GT6,INTEL Z370 | ATX | LGA 1151 | 2017-11-25発売
ASUS H110I-PLUS,INTEL H110 | Mini ITX | LGA 1151 | 2016-02-26発売
ASUS ROG RAMPAGE V EDITION 10,INTEL X99 | Extended | LGA 2011-3 | 2016-08-12発売
Biostar X470GT8,AMD X470 | ATX | Socket AM4 | 2018-05-11発売
Supermicro X11SAT-F,INTEL C236 | ATX | LGA 1151 | USB Type-C
ギガバイト MP30-AR1,MicroATX
MSI H110M-A PRO M2,INTEL H110 | MicroATX | LGA 1151 | 2016-11-05発売
ASRock Fatal1ty B360 Gaming K4,INTEL B360 | ATX | LGA 1151 | USB Type-C | 2018-04-03発売
Biostar A68N-5200,Mini ITX | 2016-04-22発売
ASRock H110 Pro BTC+,INTEL H110 | ATX | LGA 1151 | 2017-07-07発売
ギガバイト MB10-DS1,Mini ITX
MSI X370 SLI PLUS,AMD X370 | ATX | Socket AM4 | USB Type-C
ギガバイト GA-X150M-PLUS WS,INTEL C232 | MicroATX | LGA 1151
Supermicro X11DPi-NT,INTEL C622 | Extended | LGA 3647
MSI H270 GAMING PRO CARBON,INTEL H270 | ATX | LGA 1151 | 2017-01-14発売
ASUS E3 PRO GAMING V5,INTEL C232 | ATX | LGA 1151 | 2016-04-08発売
ASUS B150I PRO GAMING/WIFI/AURA,INTEL B150 | Mini ITX | LGA 1151 | 2016-04-22発売
ASUS PRIME H310M-D,INTEL H310 | MicroATX | LGA 1151
ASUS TUF X470-PLUS GAMING,AMD X470 | ATX | Socket AM4 | USB Type-C | 2018-04-27発売
ASRock A88M-G/3.1,AMD A88X | MicroATX | Socket FM2+/FM2 | 2016-02-12発売
