Thermaltake Versa H26,ATX | ホワイト/ブラック | 2017-11-02発売,3938
Thermaltake H200 TG RGB,ATX | ホワイト/ブラック | 2019-11-08発売,6782
Fractal Design Define R6 USB-C TG FD-CA-DEF-R6C,Extended ATX | ブラック/ブラック/グレー/ホワイト | 2018-10-26発売,12980
Fractal Design Define 7 Solid FD-C-DEF7A,Extended ATX | ホワイト/ブラック/ブラック/ホワイト/グレー | 2020-02-28発売,21912
Fractal Design Define 7 Compact TG FD-C-DEF7C,ATX | ホワイト/ホワイト/ブラック/ブラック/ブラック/ホワイト | 2020-06-12発売,15378
Deepcool MACUBE 110,MicroATX | ホワイト/グリーン/ブラック | 2020-12-11発売,5698
Raijintek METIS PLUS,Mini-ITX | ホワイト/シルバー/ブラック/ブルー/レッド/ゴールド/グレー/ピンク | 2017-11-04発売,5478
Fractal Design Define 7 Compact Solid FD-C-DEF7C-01,ATX | ブラック | 2020-06-12発売,14197
Fractal Design Define 7 Compact Solid FD-C-DEF7C,ATX | ブラック/ホワイト | 2020-06-12発売,14197
Thermaltake S100 TG,MicroATX | ホワイト/ブラック | 2020-10-30発売,5608
Thermaltake Versa H17 CA-1J1-00S1NN-00,MicroATX | ブラック | 2018-02-09発売,2864
NZXT H510 Elite CA-H510E,ATX | ホワイト/ブラック/ブラック/ブラック | 2019-07-01発売,18203
Antec P10 FLUX,ATX | ブラック | 2021-01-30発売,10200
クーラーマスター MasterBox Q500L MCB-Q500L-KANN-S00,ATX | ブラック | 2019-11-01発売,6767
Thermaltake Versa H18 CA-1J4-00S1WN-00,MicroATX | ブラック | 2018-02-09発売,2936
Fractal Design Define 7 TG Light Tint FD-C-DEF7A,Extended ATX | ブラック/グレー | 2020-02-28発売,21459
Antec P7 Silent,ATX | ブラック | 2018-06-09発売,6055
MSI Creator 400M,Extended ATX | ブラック | 2021-02-12発売,20844
Fractal Design Define 7 TG Clear Tint FD-C-DEF7A,Extended ATX | ホワイト/ブラック/ホワイト | 2020-02-28発売,23600
クーラーマスター Silencio S400 MCS-S400-KN5N-S00,MicroATX | ブラック | 2019-09-13発売,8980
NZXT H510 CA-H510B,ATX | ホワイト/ブラック/ブラック/レッド/ブラック/ブラック | 2019-07-01発売,8727
Corsair iCUE 5000X RGB Tempered Glass,Extended ATX | ホワイト/ブラック | 2021-02-13発売,25520
Fractal Design Era ITX FD-CA-ERA-ITX,Mini-ITX | グレー/ホワイト/グレー/ホワイト/シルバー/ホワイト/グレー/ホワイト/ゴールド/ホワイト | 2020-05-15発売,19282
Corsair Carbide 678C Tempered Glass,Extended ATX | ホワイト/ブラック | 2019-03-16発売,19082
Fractal Design Focus G FD-CA-FOCUS,ATX | ホワイト/ブラック | 2017-06-09発売,6500
Silverstone SST-PS15-G,MicroATX | ホワイト/ブラック | 2018-12-19発売,5694
Silverstone SST-PS15B-G,MicroATX | ブラック | 2018-12-19発売,5694
Fractal Design Define Mini C FD-CA-DEF-MINI-C,MicroATX | ブラック/ホワイト | 2016-11-25発売,8173
In Win IW-CJ712B/265B,MicroATX | ブラック | 2020-07-01発売,9174
Lian Li PC-Q21,Mini-ITX | ブラック/シルバー | 2016-05-26発売,8109
Lian Li O11 DYNAMIC XL,Extended ATX | ホワイト/ブラック/シルバー | 2019-10-18発売,25017
In Win A1PLUS,Mini-ITX | ホワイト/ブラック/ピンク | 2019-07-24発売,18825
Corsair Carbide 275R Tempered Glass,ATX | ホワイト/ブラック | 2018-04-01発売,8055
In Win Chopin IW-BQ696S,Mini-ITX | シルバー/ブラック | 2016-06-24発売,10380
Jonsbo U4,ATX | ブルー/シルバー/ブラック/レッド/ブラック/ブルー | 2016-11-26発売,7128
Sama 黒鉄 JAX-02,ATX | ブラック,3498
Fractal Design Define R6 FD-CA-DEF-R6,Extended ATX | ブラック/ブラック/グレー/ホワイト | 2018-01-01発売,15127
クーラーマスター MasterBox NR200P,Mini-DTX | ホワイト/ブラック | 2020-10-09発売,12077
Fractal Design Define 7 XL Solid FD-C-DEF7X-01,SSI-EEB | ブラック | 2020-02-28発売,28290
クーラーマスター MasterBox NR200,Mini-DTX | ホワイト/ブラック | 2020-10-09発売,8249
クーラーマスター Silencio S600 MCS-S600-KN5N-S00,ATX | ブラック | 2019-09-13発売,10368
In Win IW-ALICE,ATX | グレー/オレンジ/グレー/グレー | 2019-12-13発売,5980
クーラーマスター Silencio S600 TG MCS-S600-KG5N-S00,ATX | ブラック | 2019-09-13発売,11879
Corsair 4000D Airflow Tempered Glass,Extended ATX | ホワイト/ブラック | 2020-10-24発売,10922
Fractal Design Define 7 XL TG Dark Tint FD-C-DEF7X-03,SSI-EEB | ブラック | 2020-02-28発売,28393
MSI MAG VAMPIRIC 010,ATX | ブラック/グレー | 2019-02-09発売,6356
Lian Li O11 DYNAMIC MINI,ATX | ホワイト/ブラック | 2020-12-11発売,12540
Enermax BECITE ECB3080B,ATX | ブラック/グレー,4378
In Win 301C IW-CF07,MicroATX | ブラック/ホワイト | 2017-10-27発売,11234
Thermaltake VIEW 51 TG ARGB,Extended ATX | ホワイト/ブラック | 2020-05-01発売,16918
Corsair 5000D Airflow Tempered Glass,Extended ATX | ホワイト/ブラック | 2021-02-13発売,20460
Lian Li O11 Dynamic,Extended ATX | ホワイト/ブラック | 2018-05-01発売,12805
Antec P101 Silent,Extended ATX | ブラック | 2018-12-22発売,9264
Fractal Design Meshify 2 TG FD-C-MES2A,Extended ATX | ブラック/ホワイト/ホワイト/ホワイト/グレー/ホワイト/ブラック/ブラック | 2020-11-20発売,20574
Fractal Design Meshify 2 XL TG FD-C-MES2X,SSI-EEB | ブラック/ホワイト/ブラック/ブラック | 2020-11-20発売,26312
クーラーマスター MasterBox E300L MCB-E300L-KN5N-B02,MicroATX | ブラック/シルバー | 2018-10-26発売,4378
Corsair 5000D Tempered Glass,Extended ATX | ブラック/ホワイト | 2021-02-13発売,20460
Thermaltake S300 TG,ATX | ホワイト/ブラック | 2020-05-29発売,8064
Corsair 4000D Tempered Glass,Extended ATX | ブラック/ホワイト | 2020-10-24発売,11000
Be Quiet SILENT BASE 802 Window,Extended ATX | ブラック/ホワイト | 2020-12-01発売,29800
クーラーマスター MasterBox MB400L With Odd MCB-B400L-KG5N-S00,MicroATX | ブラック | 2020-09-04発売,6379
Thermaltake Core P3 TG CA-1G4-00M1WN-06,ATX | ブラック | 2019-04-05発売,11782
KEIAN KX-M01,MicroATX | ブラック | 2019-07-19発売,5476
クーラーマスター MasterBox CM694 TG MCB-CM694-KG5N-S00,Extended ATX | ブラック | 2019-06-21発売,14718
Antec DP301M,MicroATX | ブラック | 2019-06-22発売,4833
クーラーマスター MasterBox E501L MCB-E501L-KN5N-S00,ATX | ブラック | 2019-11-01発売,4879
Dan Cases A4-SFX v4.1,Mini-ITX | シルバー/ブラック | 2019-11-20発売,37800
クーラーマスター MasterBox MB600L,ATX | ブラック/レッド/ブラック/ブルー/ブラック/グレー | 2018-05-25発売,5185
Sharkoon SHA-S1000-V,MicroATX | ブラック | 2018-02-23発売,5735
Thermaltake The Tower 100,Mini-ITX | ブラック/ホワイト | 2021-02-26発売,14278
Antec P5,MicroATX | ブラック | 2018-08-31発売,5082
Corsair 110R Tempered Glass CC-9011183-WW,ATX | ブラック | 2019-10-05発売,6236
Silverstone SST-FAR1-G,ATX | ホワイト/ブラック,6481
Silverstone SST-FAR1W-G,ATX | ホワイト,6538
オウルテック TAB02,ATX | ブラック | 2020-09-01発売,6480
KEIAN GRAXIA GX-PCM-RGB,ATX | ブラック | 2020-03-01発売,4480
Antec DP501 White,ATX | ホワイト | 2019-11-09発売,6170
Lian Li LANCOOL 215X,Extended ATX | ブラック | 2020-10-27発売,8635
Lian Li LANCOOL II MESH RGB,Extended ATX | ホワイト/ブラック | 2020-07-20発売,11495
In Win CS-B1BLK-PS200W,Mini-ITX | ブラック | 2020-05-01発売,10800
Zalman S5,ATX | ホワイト/ブラック | 2020-04-17発売,6100
Fractal Design Define C FD-CA-DEF-C-BK,ATX | ブラック | 2016-11-25発売,9682
Deepcool MATREXX 55 V3 ADD-RGB DP-ATX-MATREXX55V3-AR,Extended ATX | ブラック,4950
Fractal Design Define Nano S Window FD-CA-DEF-NANO-S-BK-W,Mini-ITX | ブラック | 2016-04-15発売,10164
Deepcool MATREXX 55 V3 ADD-RGB WH DP-ATX-MATREXX55V3-AR-WH,Extended ATX | ホワイト | 2020-02-07発売,6028
Be Quiet PURE BASE 500DX,ATX | ホワイト/ブラック | 2020-07-14発売,16414
Deepcool MATREXX 55 V3 ADD-RGB 3F DP-ATX-MATREXX55V3-AR-3F,Extended ATX | ブラック | 2019-12-12発売,6980
Fractal Design Focus G Mini FD-CA-FOCUS-MINI-BK-W,MicroATX | ブラック | 2017-06-09発売,6336
Deepcool MATREXX 55 V3 DP-ATX-MATREXX55V3,Extended ATX | ブラック | 2020-04-10発売,4818
In Win IW-BL634/300B2,MicroATX | ホワイト/ブラック | 2020-04-10発売,10227
Corsair Carbide 175R RGB Tempered Glass CC-9011171-WW,ATX | ブラック | 2019-06-01発売,6300
KEIAN GRAXIA GX-PCP-RGB,Extended ATX | ブラック | 2020-03-01発売,5036
ASUS ROG Strix Helios,Extended ATX | ブラック | 2019-07-05発売,31878
Razer Tomahawk ATX RC21-01420100-R3M1,Extended ATX | ブラック | 2020-12-08発売,30800
Corsair 110Q CC-9011184-WW,ATX | ブラック | 2019-11-30発売,7182
Thermaltake Core V51 TG CA-1C6-00M1WN-03,Extended ATX | ブラック | 2017-12-22発売,13000
Lian Li O11 DYNAMIC RAZER Edition,Extended ATX | ブラック | 2019-02-15発売,19580
クーラーマスター MasterCase MC500 MCM-M500-KG5N-S00,Extended ATX | グレー | 2018-07-13発売,13939
NZXT H510i CA-H510i,ATX | ホワイト/ブラック/ブラック/ブラック/ブラック/レッド | 2019-07-01発売,12318
Corsair Crystal 680X RGB Tempered Glass,Extended ATX | ホワイト/ブラック | 2019-03-16発売,27836
Thermaltake DistroCase 350P CA-1Q8-00M1WN-00,ATX | ブラック | 2020-12-11発売,65820
Antec Torque,Extended ATX | グレー/ブラック/ホワイト | 2019-01-26発売,43980
Fractal Design Define R6 TG FD-CA-DEF-R6,Extended ATX | グレー/ブラック/ブラック/ホワイト | 2018-01-01発売,16400
Sharkoon NIGHT SHARK RGB,Extended ATX | ブラック | 2018-10-17発売,13600
Thermaltake Level 20 VT CA-1L2-00S1WN-00,MicroATX | ブラック | 2018-10-12発売,12100
Zalman S3(KOR),ATX | ブラック | 2019-10-25発売,4355
ADATA XPG STARKER,ATX | ホワイト/ブラック | 2021-01-28発売,9634
Antec DF600 FLUX,ATX | ブラック | 2020-08-29発売,8980
ADATA XPG DEFENDER PRO,SSI-EEB | ホワイト/ブラック | 2021-01-28発売,13225
ASUS TUF Gaming GT501 Case,Extended ATX | ブラック | 2019-03-01発売,16808
Corsair Crystal 280X,MicroATX | ホワイト/ブラック | 2018-06-30発売,12780
Sama 黒鴉 JAX-03W,ATX | ブラック | 2019-12-07発売,3942
Fractal Design Define 7 TG Dark Tint FD-C-DEF7A-03,Extended ATX | ブラック | 2020-02-28発売,23800
In Win IW-BK623/300H-U3,MicroATX | ブラック/ホワイト,13362
Antec DP502 FLUX,ATX | ホワイト/ブラック | 2020-12-26発売,10040
Zalman S4 PLUS,ATX | ブラック | 2020-04-17発売,5473
サイズ OSIRIS2,MicroATX | ブラック | 2017-04-01発売,5148
長尾製作所 オープンフレーム ver.mini-ITX/ATX電源モデル,Mini-DTX | ホワイト/ブラック | 2020-12-17発売,13200
Fractal Design Define 7 XL TG Light Tint FD-C-DEF7X-02,SSI-EEB | ブラック | 2020-02-28発売,28547
Razer Tomahawk Mini-ITX RC21-01400100-R3M1,Mini-DTX | ブラック | 2020-12-08発売,27800
Bitfenix Nova Mesh,Extended ATX | ホワイト/ブラック | 2020-12-01発売,4979
クーラーマスター MasterBox NR600 MCB-NR600-KG5N-S00,ATX | ブラック | 2019-07-19発売,8680
クーラーマスター MasterCase H100 MCM-H100-KANN-S00,Mini-ITX | ブラック/グレー | 2019-11-01発売,6953
ASUS TUF Gaming GT301 Case,ATX | ブラック | 2020-05-22発売,9234
クーラーマスター MasterBox CM694 MCB-CM694-KN5N-S00,Extended ATX | ブラック | 2019-06-21発売,14278
Thermaltake AH T200,MicroATX | ブラック/ホワイト/ピンク | 2020-12-11発売,16273
Fractal Design Define Mini C TG FD-CA-DEF-MINI-C-BK-TG,MicroATX | ブラック | 2017-11-02発売,11357
Silverstone SST-PS14B-EG,SSI-CEB | ブラック | 2019-07-11発売,5830
クーラーマスター MasterBox Q300L MCB-Q300L-KANN-S00,MicroATX | ブラック | 2018-07-13発売,5379
サイズ SCY-CFS3-BK,ATX | ブラック | 2017-06-01発売,5591
クーラーマスター MasterBox MS600 MCB-MS600-SGNN-S00,ATX | シルバー | 2019-03-22発売,6480
クーラーマスター MasterBox E500L MCB-E500L-KA5N-S02,ATX | ブラック/シルバー | 2018-10-26発売,6480
クーラーマスター MasterBox NR400 MCB-NR400-KG5N-S00,MicroATX | ブラック | 2019-07-19発売,7429
NZXT H710 CA-H710B,Extended ATX | ホワイト/ブラック/ブラック/レッド/ブラック/ブラック | 2019-08-23発売,16478
Abee AS Enclosure RS04 ASE-RS04,Mini-ITX | グリーン/グレー/ブルー/シルバー/ブラック/ピンク | 2017-01-27発売,25698
Fractal Design Define Nano S,Mini-ITX | ブラック/ホワイト | 2016-04-15発売,8700
Fractal Design Meshify C FD-CA-MESH-C-BLO-TG,ATX | ブラック,8910
Corsair Crystal 280X RGB,MicroATX | ホワイト/ブラック | 2018-06-30発売,20973
Corsair 275R Airflow Tempered Glass,ATX | ホワイト/ブラック | 2019-10-05発売,8836
Deepcool GAMER STORM MACUBE 310P,ATX | ホワイト/ブラック,6589
クーラーマスター MasterBox TD500 Mesh White MCB-D500D-WGNN-S01,SSI-CEB | ホワイト | 2020-05-25発売,11968
In Win 301 IW-CF07,MicroATX | ホワイト/ブラック | 2017-04-28発売,10110
NZXT H210i CA-H210i,Mini-ITX | ホワイト/ブラック/ブラック/ブラック/ブラック/レッド | 2019-07-01発売,12518
Antec DA601,Extended ATX | ブラック | 2019-06-22発売,8000
Thermaltake Versa H26 TG CA-1J5-00M1WN-00,ATX | ブラック | 2018-06-08発売,5728
Corsair Crystal 570X RGB,ATX | ブラック/ホワイト/レッド | 2016-12-17発売,19722
Sharkoon SHA-VG6-W RGB,ATX | ブラック | 2019-06-25発売,6864
Silverstone SST-PS16,MicroATX | ブラック | 2019-07-11発売,6479
Thermaltake VIEW 37 CA-1J7-00M1WN-00,Extended ATX | ブラック | 2018-05-03発売,9582
Silverstone SST-SEA1-G,ATX | ブラック/ブラック/ゴールド/ホワイト/シルバー/ブラック | 2019-12-19発売,14355
Silverstone SST-ML10B,Mini-ITX | ブラック,8778
ASUS ROG Strix Helios White Edition,Extended ATX | ホワイト | 2020-08-14発売,38170
Fractal Design Meshify C FD-CA-MESH-C-BKO,ATX | ブラック | 2018-03-31発売,9018
Silverstone SST-SG14B,Mini-DTX | ブラック | 2020-09-01発売,11044
Silverstone SST-SG14,Mini-DTX | ブラック/ホワイト | 2020-09-01発売,11044
クーラーマスター MasterCase SL600M MCM-SL600M-SGNN-S00,Extended ATX | シルバー/ブラック | 2019-01-25発売,25759
サイズ SCY-DFR5-BK,ATX | ブラック | 2016-12-01発売,6589
Lian Li LANCOOL II,Extended ATX | ホワイト/ブラック | 2019-12-18発売,11873
Sharkoon SHA-M25W,ATX | ホワイト/ブラック | 2016-10-18発売,8980
Zalman I3,ATX | ブラック | 2019-10-25発売,5935
Silverstone SST-SG14,Mini-DTX | ブラック/ホワイト | 2020-09-01発売,11044
クーラーマスター MasterCase SL600M MCM-SL600M-SGNN-S00,Extended ATX | シルバー/ブラック | 2019-01-25発売,25759
サイズ SCY-DFR5-BK,ATX | ブラック | 2016-12-01発売,6589
Lian Li LANCOOL II,Extended ATX | ホワイト/ブラック | 2019-12-18発売,11873
Sharkoon SHA-M25W,ATX | ホワイト/ブラック | 2016-10-18発売,8980
ASUS TUF Gaming GT501 White Edition,Extended ATX | ホワイト | 2020-08-14発売,18669
Thermaltake TT Premium A700 TG Aluminum CA-1O2-00F9WN-00,Extended ATX | ブラック | 2019-11-22発売,19800
Silverstone SST-PS15B,MicroATX | ブラック | 2020-07-17発売,6600
AZZA PYRAMID MINI 806 CSAZ-806,Mini-ITX | シルバー | 2020-12-04発売,33879
Dirac 300,MicroATX | ブラック/ブラック | 2018-02-16発売,10882
Thermaltake H100 TG CA-1L4-00M1WN-02,ATX | ブラック | 2019-11-08発売,5282
クーラーマスター Silencio S400 TG MCS-S400-KG5N-S00,MicroATX | ブラック | 2019-09-13発売,9864
Antec P110 Luce,ATX | ブラック | 2017-12-09発売,9680
NZXT H710i CA-H710i,Extended ATX | ホワイト/ブラック/ブラック/ブラック/ブラック/レッド | 2019-08-23発売,21978
In Win IW-BQ656/150N-U3,Mini-ITX | ブラック | 2017-12-01発売,10340
Fractal Design Define C TG FD-CA-DEF-C-BK-TG,ATX | ブラック | 2017-11-02発売,11464
Antec ISK-110 VESA-U3,Mini-ITX | ブラック | 2017-03-04発売,10731
ADATA XPG BATTLECRUISER,Extended ATX | ホワイト/ブラック | 2021-01-28発売,16861
Corsair iCUE 4000X RGB Tempered Glass,Extended ATX | ホワイト/ブラック | 2020-10-24発売,16790
Sama 舞黒透 MK-01W,MicroATX | ブラック | 2017-07-15発売,2880
AZZA PYRAMID MINI 806 CSAZ-806,Mini-ITX | シルバー | 2020-12-04発売,33879
Lian Li LANCOOL II MESH PERFORMANCE,Extended ATX | ブラック | 2020-07-20発売,11495
Raijintek OPHION EVO,Mini-ITX | ブラック/ホワイト | 2018-11-03発売,13812
In Win IW-905-ARGB,Extended ATX | シルバー | 2019-09-13発売,27142
クーラーマスター MasterCase H500M MCM-H500M-IHNN-S00,Extended ATX | グレー | 2019-02-22発売,23405
長尾製作所 オープンフレーム ver.ATX,ATX | ブラック/ホワイト | 2020-01-23発売,17720
AZZA PYRAMID 804V CSAZ-804V,Extended ATX | シルバー | 2020-12-04発売,38279
Lian Li TU-150,Mini-DTX | ブラック/シルバー | 2020-03-13発売,12649
クーラーマスター MasterBox MB311L ARGB MCB-B311L-KGNN-S02,MicroATX | ブラック | 2020-05-28発売,7913
Antec DP501,ATX | ブラック | 2019-06-22発売,5495
Deepcool MATREXX 70 DP-ATX-MATREXX70-BKG0P,Extended ATX | ブラック,6248
Lian Li O11 AIR,Extended ATX | ブラック | 2018-07-24発売,16137
Thermaltake Core P8 TG CA-1Q2-00M1WN-00,Extended ATX | ブラック | 2020-09-25発売,22078
長尾製作所 N-FRAME-ATX,ATX | ブラック | 2020-01-23発売,17720
Corsair iCUE 465X RGB,ATX | ホワイト/ブラック | 2019-10-05発売,15400
COUGAR PANZER MAX,SSI-CEB | ブラック | 2016-08-09発売,18345
Raijintek OPHION EVO 0R20B00098,Mini-ITX | ブラック | 2018-11-03発売,13812
Sharkoon SHA-S1000-W,MicroATX | ブラック | 2018-02-23発売,6480
Fractal Design Define S2 TG FD-CA-DEF-S2,Extended ATX | ホワイト/ブラック/グレー/ブラック | 2019-01-25発売,13800
Antec VSK10 Window,MicroATX | ブラック | 2019-07-13発売,4378
Thermaltake The Tower 900,Extended ATX | ブラック/ホワイト | 2017-04-28発売,32192
Thermaltake VIEW 71 TG CA-1I7-00F1WN-00,Extended ATX | ブラック | 2017-09-08発売,13580
Thermaltake TT Premium A500 TG Aluminum CA-1L3-00M9WN-00,ATX | ブラック | 2018-11-16発売,19980
クーラーマスター MasterCase H500P Mesh White ARGB MCM-H500P-WGNN-S01,SSI-CEB | ホワイト | 2020-09-04発売,21719
Bitfenix Nova TG BFX-NTG-100,ATX | ホワイト/ブラック | 2017-11-01発売,5736
長尾製作所 N-FRAME-MATX,MicroATX | ブラック | 2020-01-23発売,15290
In Win CS-216BLK,Extended ATX | ブラック | 2020-04-17発売,7380
Raidmax X08,ATX | ブラック | 2018-07-26発売,31523
Bitfenix ENSO BFC-ENS-150,Extended ATX | ホワイト/ブラック | 2018-02-01発売,9682
Silverstone SST-CS330B,MicroATX | ブラック | 2020-06-26発売,20980
Thermaltake V250 TG ARGB CA-1Q5-00M1WN-00,ATX | ブラック | 2020-05-01発売,7330
In Win IW-103,ATX | ホワイト/ブラック | 2018-12-14発売,9350
Fractal Design Meshify S2 TG FD-CA-MESH-S2,Extended ATX | ホワイト/ブラック/ブラック/ブラック | 2019-02-22発売,16800
Silverstone SST-PS15B-PRO,MicroATX | ブラック,8760
長尾製作所 オープンフレーム ver.micro-ATX,MicroATX | ホワイト/ブラック | 2020-01-23発売,15220
Thermaltake Level 20 XT CA-1L1-00F1WN-00,Extended ATX | ブラック | 2018-10-12発売,22980
Silverstone SST-RL08-RGB,MicroATX | ブラック/ブラック | 2019-07-18発売,14780
Fractal Design Meshify C TG Phantom Gaming Edition OEM-ASR-CA-MESH-C-BKO-TG,ATX | ブラック | 2020-08-12発売,11220
Fractal Design Meshify C Mini Dark TG FD-CA-MESH-C-MINI-BKO-TGD,MicroATX | ブラック | 2018-03-31発売,9760
Be Quiet DARK BASE PRO 900 rev.2 BGW14,Extended ATX | オレンジ | 2019-08-01発売,37700
Sharkoon PURE STEEL,Extended ATX | ホワイト/ブラック | 2018-11-22発売,7573
Antec P110 silent,ATX | ブラック | 2017-11-11発売,8618
Fractal Design Vector RS Tempered Glass FD-C-VER1A,Extended ATX | ブラック/ホワイト/ブラック/ブラック | 2019-10-04発売,19484
Lian Li DK-05FX,Extended ATX | ブラック | 2020-06-01発売,313500
In Win IW-EF052B/WOPS-U3,MicroATX | ブラック,6936
Thermaltake Core P5 TG Ti CA-1E7-00M9WN-00,ATX | ブラック | 2018-10-19発売,18400
In Win IW-PL052B/WOPS,Extended ATX | ブラック,22663
Corsair Obsidian 1000D CC-9011148-WW,SSI-EEB | ブラック | 2018-07-07発売,56208
Corsair Obsidian 500D RGB SE CC-9011139-WW,ATX | ブラック | 2018-06-30発売,28100
In Win IW-BL634W/300H,MicroATX | ホワイト,11826
In Win IW-BL057B/300B,MicroATX | ブラック | 2020-04-10発売,11217
In Win A1PLUS-PINK-SP,Mini-ITX | ピンク | 2020-11-20発売,24401
長尾製作所 オープンフレーム ver.E-ATX,SSI-EEB | ホワイト/ブラック | 2020-08-05発売,20900
Raijintek OPHION 0R20B00097,Mini-ITX | ブラック | 2018-11-03発売,12966
Raijintek OPHION,Mini-ITX | ホワイト/ブラック | 2018-11-03発売,12966
クーラーマスター MasterCase Pro 3 MCY-C3P1-KWNN,MicroATX | ブラック | 2016-12-09発売,7678
Supermicro CSE-GS5B-000R,ATX | ブラック/ブルー,15318
Lian Li DK-04FX,Extended ATX | ブラック | 2020-06-01発売,258500
Thermaltake VIEW 71 TG RGB CA-1I7-00F1WN-01,Extended ATX | ブラック | 2017-09-08発売,16809
Fractal Design Meshify S2 FD-CA-MESH-S2-BKO,Extended ATX | ブラック | 2019-02-22発売,13800
Lian Li Alpha 330,Extended ATX | ホワイト/ブラック | 2018-02-16発売,15730
MSI MAG FORGE 100M,ATX | ブラック,6180
Antec P82 Flow,ATX | ブラック | 2020-02-08発売,7000
AZZA PYRAMID 804 CSAZ-804,Extended ATX | シルバー | 2020-12-04発売,39379
クーラーマスター COSMOS C700P Black Edition MCC-C700P-KG5N-S00,Extended ATX | ブラック | 2019-12-13発売,52579
Silverstone SST-FTZ01-E,Mini-DTX | ブラック/シルバー,9980
Enermax StarryFort SF30 ECA-SF30-M1BB-ARGB,ATX | ブラック | 2019-04-25発売,7636
COUGAR MX330-G 5NC1-G,ATX | ブラック | 2018-10-17発売,7678
Phanteks Enthoo Luxe 2 PH-ES719LTG_DBK01_JP,SSI-EEB | ブラック | 2019-10-19発売,27500
Be Quiet PURE BASE 600 Window BGW20,ATX | オレンジ | 2018-09-18発売,12622
Supermicro CSE-743TQ-865B-SQ,Extended ATX | ブラック,59831
Thermaltake VIEW 31 TG CA-1H8-00M1WN-00,ATX | ブラック | 2017-05-03発売,7436
Silverstone SST-VT01,Mini-STX | シルバー/ブラック | 2016-09-16発売,3844
Sharkoon SHA-REV200,ATX | ブラック | 2020-04-10発売,15730
In Win IW-EM035 USB3.0 E,MicroATX | ブラック,8250
Silverstone SST-SG15,Mini-DTX | ブラック/シルバー | 2020-11-27発売,24074
FSP CMT240,ATX | ブラック/ホワイト | 2018-11-01発売,6491
Lian Li TU-150W,Mini-DTX | シルバー/ブラック | 2019-10-18発売,13144
Thermaltake V150 TG CA-1R1-00S1WN-00,MicroATX | ブラック | 2020-10-30発売,6379
Silverstone SST-RVZ03-ARGB,Mini-DTX | ホワイト/ブラック | 2018-12-17発売,16980
Phanteks Enthoo EVOLV X GLASS PH-ES518XTG_DBK,Extended ATX | ブラック,34980
Thermaltake Core V71 TG CA-1B6-00F1WN-04,Extended ATX | ブラック | 2017-12-22発売,15636
Sharkoon SHA-RGB LIT100,ATX | ブラック | 2020-05-21発売,8778
Silverstone SST-FAR1W,ATX | ホワイト | 2020-01-23発売,6431
Be Quiet DARK BASE 700 BGW23,Extended ATX | ブラック | 2019-02-01発売,28882
Corsair Carbide SPEC-DELTA RGB Tempered Glass CC-9011166-WW,ATX | ブラック | 2019-02-09発売,7709
ADATA XPG INVADER,ATX | ホワイト/ブラック | 2020-12-11発売,9320
Sharkoon SHA-VS7-VBK,ATX | ブラック | 2018-10-09発売,6480
Silverstone SST-ML09B,Mini-DTX | ブラック | 2016-04-09発売,9280
Thermaltake LEVEL 20 MT ARGB CA-1M7-00M1WN-00,ATX | ブラック | 2019-03-22発売,8228
Silverstone SST-FAR1,ATX | ホワイト/ブラック | 2020-01-23発売,6431
Deepcool CL500 R-CL500-BKNMA1N-G-1,ATX | ブラック | 2020-10-30発売,10097
Silverstone SST-FAB1B-RGB,ATX | ブラック | 2019-12-19発売,6876
Sharkoon SHA-RGB FLOW,ATX | ブラック | 2019-12-12発売,8454
Silverstone SST-CS380B,ATX | ブラック | 2016-10-15発売,20196
Silverstone SST-FAR1B-PRO,ATX | ブラック,13480
In Win 309-Black,ATX | ブラック | 2019-08-09発売,17800
Thermaltake AH T600,Extended ATX | ブラック/ホワイト | 2020-06-19発売,27160
クーラーマスター MasterBox MB511 ARGB MCB-B511D-KGNN-RGA,SSI-CEB | ブラック | 2020-05-28発売,10427
Sharkoon SHA-TG6 ARGB,ATX | ブラック | 2019-12-12発売,11880
Silverstone SST-LD03B-AF,Mini-DTX | ブラック | 2020-06-26発売,18480
In Win IW-905-OLED,Extended ATX | シルバー | 2019-09-13発売,30706
Lian Li LANCOOL 205M,MicroATX | ホワイト/ブラック | 2021-02-16発売,7700
サイズ SIRIUS,ATX | ブラック | 2017-04-01発売,6010
Enermax CoreIcer CI30 ECA-CI30-M0BB-ARGB,ATX | ブラック,6985
In Win 303 IW-CF06,ATX | ホワイト/ブラック | 2016-06-17発売,12600
COUGAR CONQUER ESSENCE 5LMV,MicroATX | ブラック | 2018-10-17発売,22798
Silverstone SST-PM02-G,ATX | ホワイト/ブラック | 2018-01-24発売,18980
NZXT H440-Plus,ATX | ホワイト/ブラック/レッド/ブラック/ブルー,17956
Silverstone SST-RL06-PRO,ATX | ホワイト/シルバー/ブラック/レッド | 2017-01-13発売,8980
Lian Li BORA DIGITAL 330,Extended ATX | ブラック/ブラック/ホワイト/シルバー | 2019-06-27発売,13750
Silverstone SST-FAB1B-G,ATX | ブラック | 2019-12-19発売,6206
Sharkoon SHA-TG5 Pro RGB,ATX | ブラック | 2020-08-25発売,9124
In Win 303C IW-CF06B,ATX | ブラック | 2017-10-27発売,14951
COUGAR PANZER EVO RGB 6AMT-RGB,SSI-CEB | ブラック | 2018-10-17発売,29090
Silverstone SST-PS14B-E,SSI-CEB | ブラック | 2020-07-14発売,6580
In Win 915 IW-CF09,Extended ATX | ブラック/シルバー/ブラック | 2018-09-07発売,38556
Corsair Carbide 275Q CC-9011164-WW,ATX | ブラック | 2019-02-02発売,9878
Silverstone SST-VT02B,Mini-STX | ブラック | 2017-04-14発売,4950
In Win 805 Infinity,ATX | ブラック | 2016-10-15発売,45100
Fractal Design Define S2 Vision RGB FD-CA-DEF-S2V-RGB-BKO-TGD,Extended ATX | ブラック | 2019-06-01発売,34792
In Win IW-BP671B/300H,Mini-DTX | ブラック,10625
Thermaltake VIEW 31 TG RGB CA-1H8-00M1WN-01,ATX | ブラック | 2017-05-03発売,12078
長尾製作所 SS-NFRAME-EATX,SSI-EEB | ブラック | 2020-08-05発売,20900
Thermaltake H550 TG ARGB CA-1P4-00M1WN-00,ATX | ブラック | 2020-04-24発売,12382
Silverstone SST-PT13B-USB3.0,2018-02-02発売,8272
Enermax SABERAY ADV Rev.2 ECA3501ABA-RGB,ATX | ブラック | 2019-09-14発売,23980
Silverstone SST-LD03B,Mini-DTX | ブラック | 2019-06-27発売,15179
Sharkoon ELITE SHARK CA200G,Extended ATX | ブラック | 2019-08-23発売,13178
EK Water Blocks EK-Classic InWin 303EK,ATX | ブラック | 2020-02-27発売,-
Corsair Carbide SPEC-04 Tempered Glass CC-9011117-WW,ATX | ブラック/レッド | 2017-10-07発売,9680
長尾製作所 SS-NFRAME-MATX,MicroATX | ブラック | 2020-01-23発売,14955
Sharkoon SHA-RGB LIT200,ATX | ブラック | 2020-05-21発売,8017
COUGAR TURRET 5QMY,ATX | ブラック | 2018-10-17発売,8227
Sharkoon SHA-TG4,ATX | ブルー/ブルー | 2019-02-07発売,8270
COUGAR PANZER G 5GMM,SSI-CEB | ブラック | 2019-04-25発売,16694
COUGAR GEMINI S,SSI-CEB | グレー | 2019-06-13発売,10544
Sharkoon SHA-VS7-WBK,ATX | ブラック | 2018-10-09発売,6455
Thermaltake V200 TG RGB Sync Edition CA-1K8-00M1WN-01,ATX | ブラック | 2018-11-16発売,8778
In Win IW-MS04-01B/315H-80G,Mini-ITX | ブラック,30294
Fractal Design Meshify 2 Solid FD-C-MES2A-01,Extended ATX | ブラック | 2020-11-20発売,19470
Phanteks Enthoo EVOLV ATX GLASS PH-ES515ETG_BK,Extended ATX | ブラック,28000
ABKONCORE CRONOS 510S,ATX | ブラック | 2020-12-01発売,10480
Deepcool QUADSTELLAR,Extended ATX | ブラック,42119
NZXT H200i CA-H200W,Mini-ITX | ブラック/ブラック/ホワイト/ブラック | 2017-12-01発売,18627
Lian Li PC-O12WX,Extended ATX | ブラック | 2017-05-26発売,58482
Silverstone SST-CS381B,MicroATX | ブラック | 2019-07-25発売,44138
Thermaltake Core P90 TG CA-1J8-00M1WN-00,ATX | ブラック | 2018-01-19発売,15700
Bitfenix ENSO MESH BFC-ESM-150,Extended ATX | ホワイト/ブラック | 2018-12-15発売,9999
COUGAR GEMINI T,SSI-CEB | ブラック | 2019-04-25発売,21464
Zalman K1,ATX | ブラック | 2019-10-25発売,8518
Sharkoon ELITE SHARK CA300T,Extended ATX | ホワイト/ブラック | 2020-11-25発売,22660
Silverstone SST-RL05B-W,ATX | ブラック/ブラック/ブラック/ホワイト/ブラック/レッド/ホワイト/レッド | 2016-05-04発売,9279
Silverstone SST-CS280B,Mini-DTX | ブラック | 2016-09-16発売,23783
Thermaltake S500 TG CA-1O3-00M1WN-00,ATX | ブラック | 2019-11-22発売,8800
Silverstone SST-GD07B-C,SSI-EEB | ブラック,25713
サイズ M1,MicroATX | ブラック | 2019-12-19発売,5891
Antec Striker PGE,Mini-ITX | ホワイト | 2020-08-29発売,30690
Sharkoon SHA-TG4-RGB,ATX | ブラック | 2019-02-07発売,8008
Sharkoon SHA-TG5,ATX | ブラック/ブルー/ブラック/グリーン/ブラック/ブルー/ブラック/ホワイト | 2017-07-01発売,10357
Corsair Crystal 460X RGB,ATX | ブラック/ホワイト,19778
Lian Li PC-V760,Extended ATX | シルバー/ブラック | 2017-10-25発売,54506
COUGAR MG130,MicroATX | ブラック | 2019-11-16発売,5478
Phanteks ECLIPSE P300 TEMPERED GLASS PH-EC300PTG_WT,ATX | ホワイト,9900
Silverstone SST-PS14B,ATX | ブラック | 2016-12-16発売,6446
Zalman Z7 NEO,ATX | ブラック | 2019-10-25発売,8673
Thermaltake LEVEL 20 RS ARGB CA-1P8-00M1WN-00,ATX | ブラック | 2020-05-29発売,15800
AeroCool DS 230,ATX | ブラック | 2016-07-30発売,10165
Lian Li PC-K5X,ATX | ブラック | 2016-05-27発売,7029
Fractal Design Meshify C TG FD-CA-MESH-C,ATX | ホワイト/ブラック | 2018-06-08発売,11900
Silverstone SST-PM01,ATX | ホワイト/ブルー/ブラック/ブルー/ブラック/ブルー/グレー/ブルー | 2016-04-09発売,8452
Silverstone SST-RVZ03,Mini-DTX | ブラック/ホワイト | 2017-06-16発売,15500
Silverstone SST-RVZ01B-E,Mini-DTX | ブラック | 2016-04-18発売,12202
エム・コーポレーション いちご缶VESA 4 EMU-RP04 VESA,2020-10-01発売,6600
Silverstone SST-RL07-G,ATX | ホワイト/ブラック | 2017-12-20発売,11550
Sama 黒透 JAX-02W,ATX | ブラック,-
Lian Li PC-Q34,Mini-DTX | シルバー/ブラック/ブルー/ゴールド,-
Xigmatek SS01,MicroATX | ブラック | 2017-12-07発売,-
MSI MPG GUNGNIR 100,Extended ATX | ブラック/グレー | 2019-02-23発売,-
GAMDIAS ARGUS M1,Extended ATX | ブラック | 2019-09-20発売,-
COUGAR DarkBlader-G,SSI-CEB | グレー,19764
MSI MPG GUNGNIR 110R,ATX | ブラック,19800
COUGAR CONQUER 2,SSI-CEB | ブラック | 2020-02-08発売,-
Lian Li PC-T70,Extended ATX | ブラック/ホワイト | 2017-05-16発売,-
In Win A1PLUS-PGE,Mini-ITX | ブラック | 2019-11-08発売,21780
Deepcool EARLKASE RGB V2,ATX | ブラック,-
Lian Li PC-K6X,ATX | ブラック | 2016-05-27発売,-
Thermaltake Core P3 TG Curve CA-1G4-00M1WN-05,ATX | ブラック | 2019-04-05発売,16545
クーラーマスター MasterCase MC500P MCM-M500P-KG5N-S00,Extended ATX | グレー | 2018-07-13発売,-
Thermaltake LEVEL 20 Limited Edition CA-1J9-00F9WN-00,Extended ATX | ブラック | 2019-04-19発売,-
Thermaltake Versa N27,ATX | ブラック/ホワイト | 2017-04-28発売,-
GAMDIAS TALOS M1,ATX | ブラック | 2018-10-26発売,-
Deepcool TRISTELLAR,Mini-ITX | ブラック,-
クーラーマスター MasterBox MB530P MCB-B530P-KHNN-S01,ATX | ブラック | 2019-03-22発売,13178
NZXT H510i Phantom Gaming CA-H510I-AR,ATX | ブラック | 2019-10-25発売,-
In Win 303 RGB IW-CF06,ATX | ブラック/ホワイト | 2017-06-16発売,-
Abee AS Enclosure RZ600 ASE-RZ600,ATX | シルバー/ブラック/ホワイト | 2016-09-29発売,-
Deepcool BARONKASE LIQUID,ATX | ブラック/ホワイト,-
クーラーマスター COSMOS C700M MCC-C700M-MG5N-S00,Extended ATX | グレー/シルバー/ブラック | 2019-03-22発売,-
Thermaltake VIEW 27 CA-1G7-00M1WN-00,ATX | ブラック | 2016-10-28発売,-
Abee smart EM30 SME-EM30,MicroATX | シルバー/ブラック | 2016-12-28発売,-
NCASE M1 Version.5,Mini-DTX | ブラック/シルバー | 2016-01-01発売,-
Sharkoon SHA-TG5-RGB,ATX | ブラック | 2018-07-27発売,13480
Thermaltake Core W100 CA-1F2-00F1WN-00,Extended ATX | ブラック | 2016-03-25発売,-
Phanteks Enthoo EVOLV SHIFT X PH-ES217XE_BK,Mini-ITX | ブラック | 2017-12-16発売,-
COUGAR BLAZER,SSI-CEB | ブラック | 2020-02-08発売,-
Enermax SABERAY ADV ECA3500ABA-RGB,ATX | ブラック | 2019-03-30発売,24860
Fractal Design Define S2 Vision Blackout FD-CA-DEF-S2V-BKO-TGD,Extended ATX | ブラック | 2019-06-01発売,27779
Bitfenix Pandora ATX BFC-PAN-600-KKWL1-RP,ATX | ブラック | 2017-11-01発売,-
Thermaltake Versa C21 RGB CA-1G8-00M1WN-00,ATX | ブラック | 2016-09-16発売,-
Fractal Design Define Mini C Window FD-CA-DEF-MINI-C,MicroATX | ブラック/ホワイト | 2016-11-25発売,-
Antec P6,MicroATX | ブラック | 2018-06-23発売,-
Corsair Carbide SPEC-ALPHA,ATX | ホワイト/レッド/ブラック/シルバー/ブラック/レッド/ブラック/イエロー | 2016-05-14発売,-
Silverstone SST-TJ04B-EJ,SSI-CEB | ブラック,-
In Win 925-BLACK,Extended ATX | ブラック | 2019-12-20発売,51810
クーラーマスター CM 690 III White CMS-693-WWN1-V2,ATX | ホワイト | 2016-05-27発売,-
Sharkoon SHA-BW9000G-B,ATX | ブラック,-
Corsair Carbide 400Q CC-9011082-WW,Extended ATX | ブラック | 2016-03-12発売,-
Silverstone SST-PS07BJ,MicroATX | ブラック,-
Deepcool MATREXX 55 MESH ADD-RGB 4F DP-ATX-MATREXX55-MESH-AR-4F,Extended ATX | ブラック,6600
Be Quiet PURE BASE 600,ATX | ブラック/シルバー | 2017-02-07発売,-
Lian Li PC-Y6,Mini-ITX | ホワイト | 2016-04-01発売,-
Sharkoon SHA-DG7000-G RGB,ATX | ブラック | 2018-01-12発売,-
クーラーマスター MasterBox Pro 5 RGB MCY-B5P2-KWGN-01,Extended ATX | ブラック | 2018-06-29発売,-
NZXT H700i CA-H700W,Extended ATX | ブラック/ブラック/ホワイト/ブラック | 2017-11-15発売,-
Supermicro CSE-745TQ-R920B,Extended ATX | ブラック,99359
Corsair Obsidian 500D CC-9011116-WW,ATX | ブラック | 2018-03-03発売,18189
NZXT Manta,Mini-ITX | ブラック/ブラック/レッド | 2016-03-20発売,-
Thermaltake VIEW 22 TG CA-1J3-00M1WN-00,ATX | ブラック | 2017-12-22発売,-
NZXT H700 PUBG CA-H700B-PG,Extended ATX | レッド | 2019-02-22発売,-
Sharkoon PURE STEEL BLACK STRIP,Extended ATX | ブラック | 2020-01-16発売,9460
Zalman X3,ATX | ホワイト/ブラック | 2019-10-25発売,13610
Enermax GraceFun ECB3090,ATX | ブラック/ホワイト,-
Antec P8,ATX | ブラック | 2017-08-01発売,-
Raijintek THETIS WINDOW,ATX | ブラック/シルバー | 2017-06-24発売,-
Thermaltake Level 20 GT ARGB CA-1K9-00F1WN-02,Extended ATX | ブラック | 2019-03-22発売,17980
ABKONCORE CRONOS 650,ATX | ブラック | 2020-12-01発売,8980
Lian Li PC-7N,ATX | シルバー/ブラック | 2016-03-14発売,-
Lian Li PC-J60WRX,ATX | ブルー | 2016-04-19発売,27998
Thermaltake Core P7 TG CA-1I2-00F1WN-00,Extended ATX | ブラック | 2017-08-04発売,-
Fractal Design Define C Window FD-CA-DEF-C-BK-W,ATX | ブラック | 2016-11-25発売,-
GAMDIAS APOLLO M2,ATX | ブラック,-
Thermaltake Core G21 TG CA-1I4-00M1WN-00,ATX | ブラック | 2017-08-04発売,-
Sharkoon PURE STEEL RGB,Extended ATX | ブラック | 2018-11-22発売,10964
Sharkoon ELITE SHARK CA200M,Extended ATX | ブラック | 2019-08-23発売,13178
クーラーマスター Trooper SE SGC-5000-KWN2,Extended ATX | ブラック | 2018-06-29発売,-
Corsair Carbide 600C CC-9011079-WW,Extended ATX | ブラック | 2016-02-13発売,-
Corsair Carbide 600Q CC-9011080-WW,Extended ATX | ブラック | 2016-02-13発売,-
Corsair Carbide Air 740 CC-9011096-WW,ATX | ブラック | 2016-10-15発売,-
Colorful Segotep Hyperion-T,ATX | ブラック | 2018-12-22発売,-
Lian Li PC-O11W,Extended ATX | ブラック/ホワイト | 2017-03-15発売,-
Phanteks Enthoo PRO M GLASS PH-ES515PTG_BK,Extended ATX | ブラック,-
長尾製作所 オープンフレーム ver.mini-ITX,Mini-DTX | ブラック/ホワイト | 2019-11-25発売,10758
FSP CMT520,Extended ATX | ブラック | 2019-06-14発売,11136
GAMDIAS TALOS P1A,Extended ATX | ブラック | 2019-04-18発売,-
Abee smart EM30 SME-EM30 5.25 Solid Bezel付属モデル,MicroATX | ブルー/レッド | 2016-12-28発売,-
Lian Li PC-K6SX,ATX | ブラック | 2016-05-27発売,-
In Win IW-CI698B 101-TUF GAMING,ATX | ブラック | 2018-03-15発売,-
In Win 805C IW-CF05,ATX | ブラック/ブラック/レッド/ブラック/ゴールド | 2016-06-24発売,-
Corsair Carbide 400C,Extended ATX | ブラック/ホワイト | 2016-03-12発売,18480
Thermaltake VIEW 28 RGB CA-1H2-00M1WN-00,ATX | ブラック | 2017-05-03発売,-
Silverstone SST-PS15B-RGB,MicroATX | ブラック | 2019-08-08発売,7480
クーラーマスター MasterBox Q500L Sakura Edition with V750 Semi MCB-Q500L-KANA75-SJP,ATX | ホワイト | 2020-04-24発売,-
KEIAN KT-MEX303,MicroATX | ブラック,-
Enermax OSTROG ADV ECA3380AS,ATX | ブルー/ブルー/グリーン | 2016-05-28発売,-
クーラーマスター MasterBox MB500 TUF Edition MCB-B500D-KGNN-TUF,ATX | ブラック | 2018-07-27発売,-
COUGAR GEMINI X,SSI-CEB | ブラック | 2019-06-06発売,64799
Corsair Carbide 400Q CC-9011100-WW,ATX | ブラック | 2016-10-15発売,-
Sharkoon PURE STEEL RGB,Extended ATX | ホワイト/ブラック | 2018-11-22発売,10964
In Win 101C IW-CI698W,ATX | ホワイト,-
MSI MAG BUNKER,ATX | ブラック | 2018-05-25発売,-
Sharkoon SHA-DG7000-G,ATX | ブルー/グレー/レッド | 2016-08-24発売,-
Sharkoon SHA-AM5S,ATX | レッド/ブルー/グレー | 2017-10-06発売,-
Lian Li PC-Q39GWX,Mini-ITX | ブラック | 2017-08-22発売,-
Colorful Segotep MEX,Extended ATX | ブラック | 2018-12-22発売,-
NZXT H700 Nuka-Cola CA-H700B-NC,Extended ATX | レッド | 2018-12-03発売,-
Deepcool NEW ARK 90,Extended ATX | ブラック,-
Thermaltake Level 20 GT RGB Plus CA-1K9-00F1WN-01,Extended ATX | ブラック | 2019-03-22発売,30282
NZXT H500i CA-H500W,ATX | ブラック/ホワイト | 2018-07-20発売,14683
Fractal Design Focus Micro FD-CA-FOCUS-MC-BK-JP,MicroATX | ブラック | 2019-09-13発売,-
クーラーマスター MasterBox 5 White MCY-B5S1-WWYN-12,ATX | ホワイト | 2016-11-11発売,-
クーラーマスター MasterBox K500 Phantom Gaming Edition MCB-K500D-KGNN-ASR,ATX | ブラック | 2019-05-01発売,-
Enermax MAKASHI MK50 ECA-MK50-BB-ARGB,Extended ATX | ブラック | 2019-03-16発売,8470
クーラーマスター MasterCase Maker 5 MCZ-005M-KWN00,ATX | グレー | 2016-11-01発売,-
Corsair Carbide 270R CC-9011106-WW,ATX | ブラック | 2017-01-21発売,-
Lian Li DK-04X,ATX | ブラック | 2016-06-01発売,-
In Win IW-CE685/300PL,MicroATX | ブラック | 2017-08-31発売,-
Silverstone SST-SG13B-C,Mini-DTX | ブラック,-
NZXT H400i CA-H400W,MicroATX | ブラック/ブラック/ホワイト/ブラック | 2017-12-01発売,-
Silverstone SST-RL06-W,ATX | ブラック/レッド/ホワイト/シルバー,-
Thermaltake Versa C23 RGB CA-1H7-00M1WN-00,ATX | ブラック | 2017-09-08発売,-
Deepcool MATREXX 55 DP-ATX-MATREXX55,Extended ATX | ブラック | 2018-10-26発売,-
Sharkoon SHA-S25-VBK,ATX | ブラック | 2016-09-16発売,7441
MSI MPG SEKIRA 500G,Extended ATX | ブラック | 2019-08-02発売,21444
Enermax EQUILENCE,ATX | ブラック,-
Sharkoon SHA-S25-WBK,ATX | ブラック | 2016-09-16発売,-
Silverstone SST-PM01-RGB,ATX | ホワイト/ブラック/ブラック | 2017-03-10発売,15370
Silverstone SST-TJ08B-EJ,MicroATX | ブラック,14000
Corsair Carbide Air 540 Silver Edition CC-9011034-WLED,Extended ATX | シルバー,-
Antec P9,ATX | ブラック | 2016-05-14発売,-
Deepcool MATREXX 55 V3 ADD-RGB WH 3F DP-ATX-MATREXX55V3-AR-WH-3F,Extended ATX | ホワイト,-
FSP CMT230,ATX | ブラック | 2018-11-01発売,9191
サイズ GEMINI,MicroATX | ブラック | 2018-08-09発売,-
Corsair Crystal 570X RGB CC-9011126-WW,ATX | ブラック | 2018-03-03発売,22160
Deepcool Frame,MicroATX | ブラック,-
Lian Li O11 AIR RGB,Extended ATX | ブラック | 2018-07-24発売,-
クーラーマスター MasterBox MB500 MCB-B500D-KGNN-S00,ATX | ブラック | 2018-08-24発売,-
In Win 303 Black/Polaris,ATX | ブラック | 2018-06-01発売,16860
Deepcool MATREXX 70 ADD-RGB 3F DP-ATX-MATREXX70-BKG0P-3F,Extended ATX | ブラック,8800
Thermaltake Versa J24 TG RGB CA-1L7-00M1WN-01,ATX | ブラック | 2018-10-26発売,8778
In Win 509 IW-BXR148,Extended ATX | グレー/ブラック/ブルー/ブラック | 2016-09-03発売,-
Dan Cases A4-SFX v4,Mini-ITX | ブラック/シルバー | 2019-05-27発売,-
Be Quiet SILENT BASE 801 Window BGW28,Extended ATX | オレンジ | 2019-02-01発売,25804
Thermaltake VIEW 91 TG RGB CA-1I9-00F1WN-00,Extended ATX | ブラック | 2018-04-01発売,-
Antec DF500,ATX | ブラック,-
エム・コーポレーション いちご缶VESA 2 EMU-RP02 VESA,,6600
NZXT H500 Overwatch CA-H500B-OW,ATX | ブラック/オレンジ | 2019-05-17発売,-
NZXT H700 CA-H700B,Extended ATX | ホワイト/ブラック/ブラック/レッド/ブラック/ブルー | 2018-06-08発売,-
クーラーマスター MasterBox Q300P MCB-Q300P-KANN-S02,MicroATX | ブラック | 2018-07-13発売,-
Cryorig Taku Silver,Mini-ITX | シルバー | 2017-11-21発売,-
Sharkoon NIGHT SHARK,Extended ATX | ブルー/ブルー | 2018-10-17発売,13606
AeroCool P7-C1,ATX | ブラック/ホワイト | 2016-09-25発売,-
In Win IW-928-Black,SSI-EEB | ブラック | 2019-06-01発売,-
In Win 101 IW-CI698,ATX | ブラック/ホワイト | 2017-07-22発売,-
Jonsbo RM2,ATX | ブラック/シルバー | 2016-05-28発売,-
Thermaltake Core X31 with Power Cover CA-1E9-00M1WN-00,ATX | ブラック | 2016-03-11発売,-
In Win 303 NVIDIA EDITION IW-CF06NV 303-NV,ATX | ブラック | 2016-11-05発売,-
クーラーマスター MasterCase H500P MCM-H500P-MGNN-S00,Extended ATX | グレー/ブラック | 2018-01-12発売,-
Xigmatek FRONTLINER,ATX | ブラック | 2016-12-21発売,-
Deepcool GAMER STORM NEW ARK 90MC DP-ATXLCS-NARK90MC,Extended ATX | ブラック,-
Antec DF500 RGB,ATX | ブラック | 2018-06-23発売,-
Thermaltake Suppressor F31-Window Power Cover Edition CA-1E3-00M1WN-02,ATX | ブラック | 2016-03-11発売,-
Lian Li Horizontal PC-V320,MicroATX | シルバー/ブラック | 2017-10-11発売,-
Enermax Gravito ECB3010-B,ATX | ブラック,-
クーラーマスター MasterCase H500P Mesh White MCM-H500P-WGNN-S00,Extended ATX | ホワイト | 2018-11-21発売,-
NZXT H500 CA-H500B,ATX | ホワイト/ブラック/ブラック/ブラック | 2018-07-20発売,-
Deepcool DUKASE LIQUID DP-ATX-DUKBK-LIQUID2,ATX | ブラック,-
MSI MPG GUNGNIR 100D,Extended ATX | ブラック | 2019-02-23発売,-
Thermaltake VIEW 21 TG CA-1I3-00M1WN-00,ATX | ブラック | 2017-08-04発売,-
Thermaltake Versa U21 CA-1G5-00M1WN-00,ATX | ブラック | 2016-09-16発売,-
クーラーマスター MasterCase MC600P MCM-M600P-KG5N-S00,Extended ATX | グレー | 2018-07-13発売,22198
NZXT S340 ELITE-VR,ATX | ブラック | 2016-11-08発売,-
クーラーマスター MasterBox Lite 5 RGB MCW-L5S3-KGNN-02,ATX | ブラック | 2018-05-25発売,10758
Thermaltake Core X71 CA-1F8-00M1WN-00,ATX | ブラック | 2016-03-25発売,-
Deepcool MATREXX 55 ADD-RGB 3F DP-ATX-MATREXX55-AR-3F,Extended ATX | ブラック | 2018-12-21発売,-
Thermaltake Core X31 RGB CA-1E9-00M1WN-02,ATX | ブラック | 2016-04-01発売,-
クーラーマスター MasterBox MB520 RGB MCB-B520-KGNN-RGB,ATX | ブラック | 2019-03-22発売,-
NZXT H700i Ninja CA-H700W-NJ,Extended ATX | ブルー | 2018-08-24発売,-
クーラーマスター MasterBox Lite 5 MCW-L5S3-KANN-01,ATX | ブラック,8338
Silverstone SST-PM01-FX,ATX | ホワイト/ブラック | 2017-04-01発売,31878
Antec CUBE EK,Mini-ITX | ブラック | 2016-12-17発売,-
Be Quiet DARK BASE PRO 900,Extended ATX | オレンジ/ブラック/シルバー | 2016-10-25発売,-
Thermaltake Core P3,ATX | ブラック/ホワイト | 2016-07-29発売,-
Abee AS Enclosure RS06 ASE-RS06,Mini-ITX | シルバー/ブラック/ホワイト | 2016-09-29発売,-
Thermaltake VIEW 32 TG RGB CA-1J2-00M1WN-00,ATX | ブラック | 2018-06-22発売,16957
Corsair Carbide SPEC-OMEGA Tempered Glass,ATX | ブラック/ブラック/レッド/ブラック/ホワイト | 2018-02-03発売,-
サイズ SARA4,ATX | ブラック | 2017-09-22発売,-
Antec GX1200,Extended ATX | ブラック | 2016-08-13発売,-
Thermaltake LEVEL 20 GT ARGB Black Edition CA-1K9-00F1WN-03,Extended ATX | ブラック | 2020-04-24発売,25180
Xigmatek Aquila-NV,MicroATX | ブラック | 2017-12-14発売,-
Lian Li PC-M25,MicroATX | シルバー/ブラック | 2016-03-18発売,-
In Win D-FRAME 2.0,Extended ATX | ブラック/ゴールド/ホワイト/ブルー | 2016-09-15発売,-
Phanteks Enthoo EVOLV SHIFT PH-ES217E_BK,Mini-ITX | ブラック | 2017-12-16発売,-
Corsair Carbide 270R Windowed CC-9011105-WW,ATX | ブラック | 2017-01-21発売,-
Lian Li PC-Q38W,Mini-ITX | ブラック/シルバー | 2017-09-13発売,-
Abee smart EZ300 SME-EZ300,ATX | シルバー/ブラック | 2016-12-28発売,-
Thermaltake Versa H26 /w casefan + 500W,ATX | ブラック/ホワイト | 2017-11-02発売,-
Lian Li PC-O10WX,Extended ATX | ブラック | 2016-11-04発売,-
Lian Li Horizontal PC-Q50,Mini-ITX | シルバー/ブラック | 2017-10-11発売,-
Thermaltake VIEW 28 RGB Riing FAN Edition CA-1H2-00M1WN-01,ATX | ブラック | 2017-05-03発売,-
Ryantek PRIMO P115A_BK,Mini-ITX | ブラック | 2017-01-14発売,-
Silverstone SST-RL06-G,ATX | ブラック/レッド/ホワイト/シルバー | 2017-07-28発売,-
MSI MPG SEKIRA 500X,Extended ATX | ブラック | 2019-08-02発売,-
Thermaltake Versa C22 RGB,ATX | ブラック/ホワイト | 2016-11-04発売,-
Corsair Crystal 460X CC-9011099-WW,ATX | ブラック | 2016-11-19発売,-
Fractal Design Define R6 USB-C FD-CA-DEF-R6C,Extended ATX | ブラック/グレー/ホワイト/ブラック | 2018-10-26発売,-
Antec P7 Window,ATX | グレー/レッド | 2018-06-09発売,-
NZXT Noctis 450 ROG,ATX | グレー | 2017-04-05発売,-
Thermaltake Core W200 CA-1F5-00F1WN-00,Extended ATX | ブラック | 2017-02-17発売,-
Lian Li PC-J60B,ATX | ブラック | 2016-04-19発売,-
Lian Li DK-04X,ATX | ブラック | 2016-06-01発売,-
In Win IW-CE685/300PL,MicroATX | ブラック | 2017-08-31発売,-
Silverstone SST-SG13B-C,Mini-DTX | ブラック,-
NZXT H400i CA-H400W,MicroATX | ブラック/ブラック/ホワイト/ブラック | 2017-12-01発売,-
Silverstone SST-RL06-W,ATX | ブラック/レッド/ホワイト/シルバー,-
Thermaltake Versa C23 RGB CA-1H7-00M1WN-00,ATX | ブラック | 2017-09-08発売,-
Deepcool MATREXX 55 DP-ATX-MATREXX55,Extended ATX | ブラック | 2018-10-26発売,-
Sharkoon SHA-S25-VBK,ATX | ブラック | 2016-09-16発売,7441
MSI MPG SEKIRA 500G,Extended ATX | ブラック | 2019-08-02発売,21444
Enermax EQUILENCE,ATX | ブラック,-
Sharkoon SHA-S25-WBK,ATX | ブラック | 2016-09-16発売,-
Silverstone SST-PM01-RGB,ATX | ホワイト/ブラック/ブラック | 2017-03-10発売,15370
Silverstone SST-TJ08B-EJ,MicroATX | ブラック,14000
Corsair Carbide Air 540 Silver Edition CC-9011034-WLED,Extended ATX | シルバー,-
Antec P9,ATX | ブラック | 2016-05-14発売,-
Deepcool MATREXX 55 V3 ADD-RGB WH 3F DP-ATX-MATREXX55V3-AR-WH-3F,Extended ATX | ホワイト,-
FSP CMT230,ATX | ブラック | 2018-11-01発売,9191
サイズ GEMINI,MicroATX | ブラック | 2018-08-09発売,-
Corsair Crystal 570X RGB CC-9011126-WW,ATX | ブラック | 2018-03-03発売,22160
Deepcool Frame,MicroATX | ブラック,-
Thermaltake Suppressor F51-Window Power Cover Edition CA-1E1-00M1WN-02,Extended ATX | ブラック | 2016-03-11発売,-
Thermaltake Commander C31 TG ARGB CA-1N2-00M1WN-00,ATX | ブラック | 2019-04-12発売,12690
NZXT H1 CA-H16WR,Mini-ITX | ホワイト/ブラック | 2020-04-17発売,46676
Silverstone SST-RL06-GP,ATX | ブラック/レッド/ホワイト/シルバー | 2017-07-28発売,-
Supermicro CSE-733TQ-665B,Extended ATX | ブラック,39959
In Win IW-CA06,Extended ATX | グレー/ブラック/ブラック/ブルー | 2016-02-01発売,-
Lian Li LANCOOL ONE,Extended ATX | ブラック | 2018-10-12発売,10950
クーラーマスター COSMOS II 25th Anniversary Edition RC-1200-KKN2,SSI-EEB | シルバー/ブラック | 2017-08-30発売,-
Enermax SABERAY ECA3500BA-RGB,ATX | ブラック | 2018-05-11発売,-
Silverstone SST-KL07B,ATX | ブラック | 2016-10-15発売,11198
クーラーマスター MasterBox 5 Black MCY-B5S1-KKYN-13,ATX | ブラック | 2016-11-11発売,-
GAMDIAS TALOS M1A,ATX | ブラック | 2019-04-18発売,-
REEVEN PERSES RE-A18002-B,ATX | ブラック | 2017-01-12発売,-
NCASE M1 Version.5 20000,Mini-DTX | ブラック/シルバー,-
In Win H-Frame 2.0,Extended ATX | ブラック | 2016-06-10発売,-
Deepcool EARLKASE RGB WH,ATX | ホワイト,-
Thermaltake Core G3 CA-1G6-00T1WN-00,ATX | ブラック | 2016-09-16発売,-
Silverstone SST-FT03-MINIJ,Mini-DTX | ブラック/シルバー,-
クーラーマスター Stryker SE SGC-5000W-KWN2,Extended ATX | ホワイト | 2018-06-29発売,-
MetallicGear Neo MG-NE510,ATX | ブラック/シルバー,-
COUGAR CONQUER,ATX | ブラック | 2017-08-10発売,32830
Enermax STEELWING ECB2010,MicroATX | グリーン/ブルー | 2016-12-09発売,-
Thermaltake VIEW 37 RGB Plus CA-1J7-00M1WN-01,Extended ATX | ブラック | 2018-05-03発売,-
Lian Li Horizontal PC-V720,ATX | シルバー/ブラック | 2017-10-11発売,-
Nanoxia Deep Silence 1 Rev.B NXDS1,ATX | ブラック/ホワイト/グレー,13500
Sharkoon SHA-AI7000S,ATX | ブラック/レッド/グレー/ブルー | 2017-09-05発売,-
Lian Li Alpha 550,Extended ATX | ブラック/ホワイト | 2017-11-10発売,17800
Silverstone SST-FAV1MB-PRO,MicroATX | ブラック | 2020-12-25発売,13200
Be Quiet PURE BASE 600,ATX | ブラック/シルバー | 2017-02-07発売,-
Lian Li PC-Y6,Mini-ITX | ホワイト | 2016-04-01発売,-
Sharkoon SHA-DG7000-G RGB,ATX | ブラック | 2018-01-12発売,-
クーラーマスター MasterBox Pro 5 RGB MCY-B5P2-KWGN-01,Extended ATX | ブラック | 2018-06-29発売,-
NZXT H700i CA-H700W,Extended ATX | ブラック/ブラック/ホワイト/ブラック | 2017-11-15発売,-
In Win 909 IW-CF04,Extended ATX | ブラック/シルバー | 2016-06-10発売,-
クーラーマスター MasterCase Maker 5 MSI Edition MCZ-005M-KWN00-MI,ATX | ブラック | 2017-10-12発売,19980
エム・コーポレーション いちご缶 EMU-RP01,2016-08-30発売,-
REEVEN NOTOS RE-M18002-B,MicroATX | ブラック | 2016-12-28発売,-
Antec CUBE RAZER,Mini-ITX | ブラック | 2017-01-28発売,-
In Win 303 AURORA IW-CF06,ATX | ブラック/ホワイト | 2017-04-26発売,-
Lian Li PC-Q37,Mini-ITX | ブラック | 2016-10-21発売,-
EK Water Blocks EK-Quantum InWin 909EK,Extended ATX | シルバー | 2020-06-01発売,-
Deepcool MATREXX 55 ADD-RGB,Extended ATX | ブラック/ホワイト,-
COUGAR PANZER S 5GML,SSI-CEB | ブラック | 2019-04-25発売,13178
Corsair Carbide SPEC-M2 CC-9011087-WW,MicroATX | ブラック | 2016-01-30発売,-
Enermax Fulmo.Q PLUS ECA3390AG-BL,ATX | ブラック,-
エム・コーポレーション いちご缶VESA EMU-RP01VESA,2016-12-26発売,-
In Win A1-RGB,Mini-ITX | ブラック/ホワイト | 2018-06-15発売,-
Silverstone SST-FAB1B-PRO,ATX | ブラック,13480
MSI MAG PYLON,ATX | ブラック | 2018-05-25発売,-
Lian Li PC-7N,ATX | シルバー/ブラック | 2016-03-14発売,-
Sharkoon PURE STEEL BLACK STRIP,Extended ATX | ブラック | 2020-01-16発売,9460
Zalman X3,ATX | ホワイト/ブラック | 2019-10-25発売,13610
Enermax GraceFun ECB3090,ATX | ブラック/ホワイト,-
Antec P8,ATX | ブラック | 2017-08-01発売,-
Raijintek THETIS WINDOW,ATX | ブラック/シルバー | 2017-06-24発売,-
Corsair Carbide 275R,ATX | ブラック/ホワイト | 2018-04-21発売,-
In Win IW-WINBOT,Extended ATX | ブラック/ブラック | 2018-03-28発売,-
Corsair Obsidian 500D CC-9011116-WW,ATX | ブラック | 2018-03-03発売,18189
NZXT Manta,Mini-ITX | ブラック/ブラック/レッド | 2016-03-20発売,-
Thermaltake VIEW 22 TG CA-1J3-00M1WN-00,ATX | ブラック | 2017-12-22発売,-
NZXT H700 PUBG CA-H700B-PG,Extended ATX | レッド | 2019-02-22発売,-
Lian Li PC-J60WRX,ATX | ブルー | 2016-04-19発売,27998
Thermaltake Core P7 TG CA-1I2-00F1WN-00,Extended ATX | ブラック | 2017-08-04発売,-
Abee smart EZ300 SME-EZ300 5.25 Solid Bezel付属モデル,ATX | ブルー/レッド | 2016-12-28発売,-
クーラーマスター MasterBox Lite 3.1 MCW-L3B3-KANN-01,MicroATX | ブラック,-
Deepcool TRISTELLAR SW,Mini-ITX | ブラック,-
In Win IW-103-PGE,ATX | ブラック | 2019-11-08発売,10450
Silverstone SST-PS08BJ,MicroATX | ブラック,-
In Win IW-307-White,ATX | ホワイト | 2018-12-19発売,-
クーラーマスター MasterBox TD500L MCB-D500L-KANN-S00,ATX | ブラック | 2018-08-30発売,-
Deepcool MACUBE 550,ATX | ブラック/ホワイト,-
Bitfenix Shogun Window Black BFC-SOG-600-KKWSK-RP,Extended ATX | ブラック | 2017-11-01発売,-
Deepcool Genome ROG Certified Edition,ATX | ブラック,-
Phanteks ECLIPSE P400S Window PH-EC416PSW,Extended ATX | ブラック/ホワイト/グレー | 2016-04-16発売,-
Lian Li LANCOOL ONE Digital,Extended ATX | ブラック/ホワイト/ゴールド | 2018-10-12発売,10909
Thermaltake Level 20 GT ARGB CA-1K9-00F1WN-02,Extended ATX | ブラック | 2019-03-22発売,17980
ABKONCORE CRONOS 650,ATX | ブラック | 2020-12-01発売,8980
Supermicro CSE-745TQ-R920B,Extended ATX | ブラック,99359
