Thermaltake Versa H26,ATX | ブラック/ホワイト | 2017-11-02発売
Thermaltake H200 TG RGB,ATX | ホワイト/ブラック | 2019-11-08発売
Fractal Design Define 7 Solid FD-C-DEF7A,Extended ATX | ブラック/ホワイト/ブラック/ホワイト/グレー | 2020-02-28発売
Thermaltake Versa H17 CA-1J1-00S1NN-00,MicroATX | ブラック | 2018-02-09発売
Raijintek METIS PLUS,Mini-ITX | ブラック/ホワイト/レッド/シルバー/ブルー/ゴールド/グレー/ピンク | 2017-11-04発売
Fractal Design Define 7 Compact Solid FD-C-DEF7C,ATX | ブラック/ホワイト | 2020-06-12発売
Fractal Design Define 7 Compact Solid FD-C-DEF7C-01,ATX | ブラック | 2020-06-12発売
Thermaltake S100 TG,MicroATX | ホワイト/ブラック | 2020-10-30発売
NZXT H510 Elite CA-H510E,ATX | ホワイト/ブラック/ブラック/ブラック | 2019-07-01発売
NZXT H510 CA-H510B,ATX | ホワイト/ブラック/ブラック/ブラック/ブラック/レッド | 2019-07-01発売
クーラーマスター MasterBox MB600L,ATX | ブラック/ブルー/ブラック/レッド/ブラック/グレー | 2018-05-25発売
Fractal Design Define 7 TG Light Tint FD-C-DEF7A,Extended ATX | ブラック/グレー | 2020-02-28発売
Fractal Design Era ITX FD-CA-ERA-ITX,Mini-ITX | グレー/ホワイト/グレー/ホワイト/グレー/ホワイト/シルバー/ホワイト/ゴールド/ホワイト | 2020-05-15発売
Fractal Design Define 7 Compact TG FD-C-DEF7C,ATX | ホワイト/ホワイト/ブラック/ブラック/ブラック/ホワイト | 2020-06-12発売
クーラーマスター Silencio S400 MCS-S400-KN5N-S00,MicroATX | ブラック | 2019-09-13発売
Antec P7 Silent,ATX | ブラック | 2018-06-09発売
Thermaltake Versa H18 CA-1J4-00S1WN-00,MicroATX | ブラック | 2018-02-09発売
クーラーマスター MasterBox Q500L MCB-Q500L-KANN-S00,ATX | ブラック | 2019-11-01発売
Antec DP502 FLUX,ATX | ホワイト/ブラック | 2020-12-26発売
Fractal Design Define Mini C FD-CA-DEF-MINI-C,MicroATX | ブラック/ホワイト | 2016-11-25発売
Fractal Design Define 7 TG Clear Tint FD-C-DEF7A,Extended ATX | ホワイト/ブラック/ホワイト | 2020-02-28発売
Corsair Carbide 678C Tempered Glass,Extended ATX | ホワイト/ブラック | 2019-03-16発売
Corsair 4000D Tempered Glass,Extended ATX | ホワイト/ブラック | 2020-10-24発売
Silverstone SST-PS15B-G,MicroATX | ブラック | 2018-12-19発売
Sama 舞黒透 MK-01W,MicroATX | ブラック | 2017-07-15発売
Silverstone SST-PS15-G,MicroATX | ホワイト/ブラック | 2018-12-19発売
KEIAN GRAXIA GX-PCP-RGB,Extended ATX | ブラック | 2020-03-01発売
Corsair 4000D Airflow Tempered Glass,Extended ATX | ブラック/ホワイト | 2020-10-24発売
Lian Li PC-Q21,Mini-ITX | ブラック/シルバー | 2016-05-26発売
Corsair Carbide 275R Tempered Glass,ATX | ホワイト/ブラック | 2018-04-01発売
クーラーマスター MasterBox NR200,Mini-DTX | ホワイト/ブラック | 2020-10-09発売
Fractal Design Define R6 TG FD-CA-DEF-R6,Extended ATX | ホワイト/ブラック/ブラック/グレー | 2018-01-01発売
Corsair iCUE 4000X RGB Tempered Glass,Extended ATX | ブラック/ホワイト | 2020-10-24発売
In Win IW-CJ712B/265B,MicroATX | ブラック | 2020-07-01発売
Lian Li O11 Dynamic,Extended ATX | ホワイト/ブラック | 2018-05-01発売
Enermax BECITE ECB3080B,ATX | ブラック/グレー
ASUS ROG Strix Helios,Extended ATX | ブラック | 2019-07-05発売
Lian Li O11 DYNAMIC XL,Extended ATX | ホワイト/ブラック/シルバー | 2019-10-18発売
MSI MAG VAMPIRIC 010,ATX | ブラック/グレー | 2019-02-09発売
KEIAN KX-M01,MicroATX | ブラック | 2019-07-19発売
Deepcool MATREXX 55 V3 ADD-RGB WH DP-ATX-MATREXX55V3-AR-WH,Extended ATX | ホワイト | 2020-02-07発売
Fractal Design Define R6 FD-CA-DEF-R6,Extended ATX | ブラック/ブラック/グレー/ホワイト | 2018-01-01発売
Fractal Design Define 7 XL Solid FD-C-DEF7X-01,SSI-EEB | ブラック | 2020-02-28発売
In Win A1PLUS,Mini-ITX | ホワイト/ピンク/ブラック | 2019-07-24発売
Deepcool MATREXX 55 V3 DP-ATX-MATREXX55V3,Extended ATX | ブラック | 2020-04-10発売
Fractal Design Define 7 TG Dark Tint FD-C-DEF7A-03,Extended ATX | ブラック | 2020-02-28発売
Antec P5,MicroATX | ブラック | 2018-08-31発売
クーラーマスター MasterBox CM694 TG MCB-CM694-KG5N-S00,Extended ATX | ブラック | 2019-06-21発売
Antec DP301M,MicroATX | ブラック | 2019-06-22発売
クーラーマスター MasterBox MB400L With Odd MCB-B400L-KG5N-S00,MicroATX | ブラック | 2020-09-04発売
Silverstone SST-SG14,Mini-DTX | ブラック/ホワイト | 2020-09-01発売
Sama 黒鉄 JAX-02,ATX | ブラック
Silverstone SST-SG14B,Mini-DTX | ブラック | 2020-09-01発売
クーラーマスター Silencio S600 MCS-S600-KN5N-S00,ATX | ブラック | 2019-09-13発売
クーラーマスター MasterBox NR200P,Mini-DTX | ホワイト/ブラック | 2020-10-09発売
Jonsbo U4,ATX | シルバー/ブルー/ブラック/レッド/ブラック/ブルー | 2016-11-26発売
Thermaltake Core P3 TG CA-1G4-00M1WN-06,ATX | ブラック | 2019-04-05発売
NZXT H510i CA-H510i,ATX | ホワイト/ブラック/ブラック/レッド/ブラック/ブラック | 2019-07-01発売
Fractal Design Meshify 2 TG FD-C-MES2A,Extended ATX | ホワイト/ホワイト/ブラック/ブラック/ブラック/ホワイト/グレー/ホワイト | 2020-11-20発売
Lian Li O11 DYNAMIC MINI,ATX | ホワイト/ブラック | 2020-12-11発売
Dan Cases A4-SFX v4.1,Mini-ITX | シルバー/ブラック | 2019-11-20発売
In Win 301C IW-CF07,MicroATX | ホワイト/ブラック | 2017-10-27発売
Bitfenix Nova Mesh,Extended ATX | ホワイト/ブラック | 2020-12-01発売
In Win Chopin IW-BQ696S,Mini-ITX | ブラック/シルバー | 2016-06-24発売
クーラーマスター Silencio S600 TG MCS-S600-KG5N-S00,ATX | ブラック | 2019-09-13発売
クーラーマスター MasterCase MC500 MCM-M500-KG5N-S00,Extended ATX | グレー | 2018-07-13発売
Fractal Design Focus G FD-CA-FOCUS,ATX | ホワイト/ブラック | 2017-06-09発売
Antec DP501 White,ATX | ホワイト | 2019-11-09発売
Zalman S3(KOR),ATX | ブラック | 2019-10-25発売
Razer Tomahawk ATX RC21-01420100-R3M1,Extended ATX | ブラック | 2020-12-08発売
クーラーマスター MasterBox E300L MCB-E300L-KN5N-B02,MicroATX | ブラック/シルバー | 2018-10-26発売
Antec Torque,Extended ATX | グレー/ブラック/ホワイト | 2019-01-26発売
NZXT H710i CA-H710i,Extended ATX | ホワイト/ブラック/ブラック/ブラック/ブラック/レッド | 2019-08-23発売
サイズ OSIRIS2,MicroATX | ブラック | 2017-04-01発売
Thermaltake Level 20 VT CA-1L2-00S1WN-00,MicroATX | ブラック | 2018-10-12発売
サイズ SCY-CFS3-BK,ATX | ブラック | 2017-06-01発売
Razer Tomahawk Mini-ITX RC21-01400100-R3M1,Mini-DTX | ブラック | 2020-12-08発売
Fractal Design Meshify S2 TG FD-CA-MESH-S2,Extended ATX | ホワイト/ブラック/ブラック/ブラック | 2019-02-22発売
Thermaltake VIEW 51 TG ARGB,Extended ATX | ホワイト/ブラック | 2020-05-01発売
Corsair 275R Airflow Tempered Glass,ATX | ホワイト/ブラック | 2019-10-05発売
NZXT H210 CA-H210B,Mini-ITX | ホワイト/ブラック/ブラック/レッド/ブラック/ブラック | 2019-07-01発売
クーラーマスター COSMOS C700P Black Edition MCC-C700P-KG5N-S00,Extended ATX | ブラック | 2019-12-13発売
オウルテック TAB02,ATX | ブラック | 2020-09-01発売
Lian Li LANCOOL II MESH RGB,Extended ATX | ホワイト/ブラック | 2020-07-20発売
Be Quiet DARK BASE PRO 900 rev.2 BGW14,Extended ATX | オレンジ | 2019-08-01発売
Fractal Design Focus G Mini FD-CA-FOCUS-MINI-BK-W,MicroATX | ブラック | 2017-06-09発売
ASUS ROG Strix Helios White Edition,Extended ATX | ホワイト | 2020-08-14発売
Corsair 110Q CC-9011184-WW,ATX | ブラック | 2019-11-30発売
Fractal Design Define Nano S,Mini-ITX | ブラック/ホワイト | 2016-04-15発売
クーラーマスター MasterBox E501L MCB-E501L-KN5N-S00,ATX | ブラック | 2019-11-01発売
Thermaltake Versa H26 TG CA-1J5-00M1WN-00,ATX | ブラック | 2018-06-08発売
Corsair Crystal 280X,MicroATX | ホワイト/ブラック | 2018-06-30発売
Sharkoon NIGHT SHARK RGB,SSI-EEB | ブラック | 2018-10-17発売
Zalman S5,ATX | ホワイト/ブラック | 2020-04-17発売
In Win IW-ALICE,ATX | グレー/オレンジ/グレー/グレー | 2019-12-13発売
クーラーマスター MasterCase H100 MCM-H100-KANN-S00,Mini-ITX | ブラック/グレー | 2019-11-01発売
Bitfenix Nova TG BFX-NTG-100,ATX | ホワイト/ブラック | 2017-11-01発売
Silverstone SST-FAR1W-G,ATX | ホワイト
クーラーマスター MasterBox TD500 Mesh White MCB-D500D-WGNN-S01,SSI-CEB | ホワイト | 2020-05-25発売
Antec DF600 FLUX,ATX | ブラック | 2020-08-29発売
In Win IW-BL634/300B2,MicroATX | ホワイト/ブラック | 2020-04-10発売
Antec P101 Silent,Extended ATX | ブラック | 2018-12-22発売
Antec P120 Crystal,Extended ATX | ブラック | 2019-11-16発売
Fractal Design Define C FD-CA-DEF-C-BK,ATX | ブラック | 2016-11-25発売
Abee AS Enclosure RS04 ASE-RS04,Mini-ITX | グリーン/ブラック/シルバー/ブルー/ピンク/グレー | 2017-01-27発売
KEIAN GRAXIA GX-PCM-RGB,ATX | ブラック | 2020-03-01発売
Lian Li LANCOOL 215X,Extended ATX | ブラック | 2020-10-27発売
ASUS TUF Gaming GT501 White Edition,Extended ATX | ホワイト | 2020-08-14発売
ASUS ROG Z11,Mini-DTX | ブラック | 2020-11-27発売
クーラーマスター MasterBox CM694 MCB-CM694-KN5N-S00,Extended ATX | ブラック | 2019-06-21発売
Lian Li O11 DYNAMIC RAZER Edition,Extended ATX | ブラック | 2019-02-15発売
Antec P82 Flow,ATX | ブラック | 2020-02-08発売
Deepcool MATREXX 55 V3 ADD-RGB 3F DP-ATX-MATREXX55V3-AR-3F,Extended ATX | ブラック | 2019-12-12発売
ASUS TUF Gaming GT301 Case,ATX | ブラック | 2020-05-22発売
Sharkoon SHA-VG6-W RGB,ATX | ブラック | 2019-06-25発売
Thermaltake H100 TG CA-1L4-00M1WN-02,ATX | ブラック | 2019-11-08発売
In Win IW-BK623/300H-U3,MicroATX | ホワイト/ブラック
NZXT H210i CA-H210i,Mini-ITX | ホワイト/ブラック/ブラック/ブラック/ブラック/レッド | 2019-07-01発売
Corsair Crystal 680X RGB Tempered Glass,Extended ATX | ブラック/ホワイト | 2019-03-16発売
COUGAR PANZER MAX,SSI-CEB | ブラック | 2016-08-09発売
Fractal Design Meshify 2 XL TG FD-C-MES2X,SSI-EEB | ブラック/ブラック/ブラック/ホワイト | 2020-11-20発売
Raijintek OPHION EVO,Mini-ITX | ブラック/ホワイト | 2018-11-03発売
Sama 黒鴉 JAX-03W,ATX | ブラック | 2019-12-07発売
ASUS TUF Gaming GT501 Case,Extended ATX | ブラック | 2019-03-01発売
クーラーマスター Silencio S400 TG MCS-S400-KG5N-S00,MicroATX | ブラック | 2019-09-13発売
Antec ISK-110 VESA-U3,Mini-ITX | ブラック | 2017-03-04発売
Corsair 110R Tempered Glass CC-9011183-WW,ATX | ブラック | 2019-10-05発売
Sharkoon SHA-S1000-W,MicroATX | ブラック | 2018-02-23発売
In Win CS-B1BLK-PS200W,Mini-ITX | ブラック | 2020-05-01発売
クーラーマスター MasterBox E500L MCB-E500L-KA5N-S02,ATX | ブラック/シルバー | 2018-10-26発売
In Win 301 IW-CF07,MicroATX | ホワイト/ブラック | 2017-04-28発売
Raijintek OPHION EVO 0R20B00098,Mini-ITX | ブラック | 2018-11-03発売
Fractal Design Define 7 XL TG Light Tint FD-C-DEF7X-02,SSI-EEB | ブラック | 2020-02-28発売
AZZA PYRAMID 804 CSAZ-804,Extended ATX | シルバー | 2020-12-04発売
Lian Li LANCOOL II,Extended ATX | ホワイト/ブラック | 2019-12-18発売
Silverstone SST-FAR1-G,ATX | ホワイト/ブラック
MSI MPG SEKIRA 500G,Extended ATX | ブラック | 2019-08-02発売
長尾製作所 オープンフレーム ver.E-ATX,SSI-EEB | ホワイト/ブラック | 2020-08-05発売
Sharkoon SHA-VS7-VBK,ATX | ブラック | 2018-10-09発売
Fractal Design Define Mini C TG FD-CA-DEF-MINI-C-BK-TG,MicroATX | ブラック | 2017-11-02発売
In Win IW-BL057B/300B,MicroATX | ブラック | 2020-04-10発売
Be Quiet PURE BASE 500DX,ATX | ホワイト/ブラック | 2020-07-14発売
Silverstone SST-ML10B,Mini-ITX | ブラック
長尾製作所 オープンフレーム ver.mini-ITX,Mini-DTX | ブラック/ホワイト | 2019-11-25発売
長尾製作所 N-FRAME-ITX,Mini-DTX | ブラック | 2019-11-25発売
Thermaltake AH T200,MicroATX | ホワイト/ブラック | 2020-12-11発売
Silverstone SST-SG15,Mini-DTX | ブラック/シルバー | 2020-11-27発売
Sharkoon SHA-S1000-V,MicroATX | ブラック | 2018-02-23発売
クーラーマスター MasterBox Q300L MCB-Q300L-KANN-S00,MicroATX | ブラック | 2018-07-13発売
Corsair Carbide 175R RGB Tempered Glass CC-9011171-WW,ATX | ブラック | 2019-06-01発売
Fractal Design Meshify C FD-CA-MESH-C-BLO-TG,ATX | ブラック
Fractal Design Vector RS Tempered Glass FD-C-VER1A,Extended ATX | ブラック/ホワイト/ブラック/ブラック | 2019-10-04発売
Corsair Obsidian 1000D CC-9011148-WW,SSI-EEB | ブラック | 2018-07-07発売
AZZA PYRAMID MINI 806 CSAZ-806,Mini-ITX | シルバー | 2020-12-04発売
クーラーマスター MasterCase SL600M MCM-SL600M-SGNN-S00,Extended ATX | シルバー/ブラック | 2019-01-25発売
ABKONCORE CRONOS 350M,MicroATX | ブラック | 2020-12-01発売
Antec P110 silent,ATX | ブラック | 2017-11-11発売
Thermaltake Level 20 XT CA-1L1-00F1WN-00,Extended ATX | ブラック | 2018-10-12発売
クーラーマスター MasterBox NR400 MCB-NR400-KG5N-S00,MicroATX | ブラック | 2019-07-19発売
Antec DP501,ATX | ブラック | 2019-06-22発売
Thermaltake The Tower 900,Extended ATX | ブラック/ホワイト | 2017-04-28発売
Thermaltake S300 TG,ATX | ホワイト/ブラック | 2020-05-29発売
Silverstone SST-PS15B-PRO,MicroATX | ブラック
Thermaltake VIEW 31 TG CA-1H8-00M1WN-00,ATX | ブラック | 2017-05-03発売
サイズ SCY-DFR5-BK,ATX | ブラック | 2016-12-01発売
Silverstone SST-PS14B-EG,SSI-CEB | ブラック | 2019-07-11発売
Corsair Obsidian 500D RGB SE CC-9011139-WW,ATX | ブラック | 2018-06-30発売
Fractal Design Define C TG FD-CA-DEF-C-BK-TG,ATX | ブラック | 2017-11-02発売
クーラーマスター MasterCase Pro 3 MCY-C3P1-KWNN,MicroATX | ブラック | 2016-12-09発売
Deepcool MACUBE 110,MicroATX | ホワイト/ブラック | 2020-12-11発売
Thermaltake Core V71 TG CA-1B6-00F1WN-04,Extended ATX | ブラック | 2017-12-22発売
Thermaltake VIEW 37 CA-1J7-00M1WN-00,Extended ATX | ブラック | 2018-05-03発売
Dirac 300,MicroATX | ブラック/ブラック | 2018-02-16発売
NZXT H710 CA-H710B,Extended ATX | ホワイト/ブラック/ブラック/レッド/ブラック/ブラック | 2019-08-23発売
長尾製作所 N-FRAME-MATX,MicroATX | ブラック | 2020-01-23発売
Fractal Design Define Nano S Window FD-CA-DEF-NANO-S-BK-W,Mini-ITX | ブラック | 2016-04-15発売
In Win 303 IW-CF06,ATX | ホワイト/ブラック | 2016-06-17発売
Fractal Design Define S2 Vision RGB FD-CA-DEF-S2V-RGB-BKO-TGD,Extended ATX | ブラック | 2019-06-01発売
Antec DA601,Extended ATX | ブラック | 2019-06-22発売
In Win IW-905-OLED,Extended ATX | シルバー | 2019-09-13発売
クーラーマスター MasterBox NR600 MCB-NR600-KG5N-S00,ATX | ブラック | 2019-07-19発売
Silverstone SST-FAR1,ATX | ホワイト/ブラック | 2020-01-23発売
Zalman S4 PLUS,ATX | ブラック | 2020-04-17発売
Lian Li DK-05FX,Extended ATX | ブラック | 2020-06-01発売
In Win A1PLUS-PINK-SP,Mini-ITX | ピンク | 2020-11-20発売
ADATA XPG INVADER,ATX | ホワイト/ブラック | 2020-12-11発売
Phanteks Enthoo EVOLV X GLASS PH-ES518XTG_DBK,Extended ATX | ブラック
長尾製作所 オープンフレーム ver.micro-ATX,MicroATX | ホワイト/ブラック | 2020-01-23発売
Fractal Design Meshify C Mini Dark TG FD-CA-MESH-C-MINI-BKO-TGD,MicroATX | ブラック | 2018-03-31発売
Thermaltake Core P90 TG CA-1J8-00M1WN-00,ATX | ブラック | 2018-01-19発売
Raijintek OPHION 0R20B00097,Mini-ITX | ブラック | 2018-11-03発売
Be Quiet PURE BASE 600 Window BGW20,ATX | オレンジ | 2018-09-18発売
In Win 309-Black,ATX | ブラック | 2019-08-09発売
Sharkoon SHA-VS7-WBK,ATX | ブラック | 2018-10-09発売
Enermax StarryFort SF30 ECA-SF30-M1BB-ARGB,ATX | ブラック | 2019-04-25発売
Raijintek OPHION,Mini-ITX | ホワイト/ブラック | 2018-11-03発売
Silverstone SST-PS16,MicroATX | ブラック | 2019-07-11発売
Sharkoon ELITE SHARK CA300T,Extended ATX | ホワイト/ブラック | 2020-11-25発売
Silverstone SST-PS15B,MicroATX | ブラック | 2020-07-17発売
Thermaltake V150 TG CA-1R1-00S1WN-00,MicroATX | ブラック | 2020-10-30発売
Deepcool GAMER STORM MACUBE 310P,ATX | ブラック/ホワイト
Silverstone SST-SEA1-G,ATX | ゴールド/ホワイト/シルバー/ブラック/ブラック/ブラック | 2019-12-19発売
Fractal Design Define R6 USB-C TG FD-CA-DEF-R6C,Extended ATX | ブラック/ブラック/グレー/ホワイト | 2018-10-26発売
Fractal Design Meshify C TG Phantom Gaming Edition OEM-ASR-CA-MESH-C-BKO-TG,ATX | ブラック | 2020-08-12発売
Thermaltake Level 20 GT CA-1K9-00F1WN-00,Extended ATX | ブラック | 2019-03-22発売
クーラーマスター MasterBox MS600 MCB-MS600-SGNN-S00,ATX | シルバー | 2019-03-22発売
In Win IW-BP671B/300H,Mini-DTX | ブラック
In Win IW-103,ATX | ホワイト/ブラック | 2018-12-14発売
Sharkoon SHA-TG4-RGB,ATX | ブラック | 2019-02-07発売
Be Quiet DARK BASE 700 BGW23,Extended ATX | ブラック | 2019-02-01発売
COUGAR CONQUER,ATX | ブラック | 2017-08-10発売
Fractal Design Meshify C FD-CA-MESH-C-BKO,ATX | ブラック | 2018-03-31発売
FSP CMT240,ATX | ブラック/ホワイト | 2018-11-01発売
Thermaltake DistroCase 350P CA-1Q8-00M1WN-00,ATX | ブラック | 2020-12-11発売
Sharkoon SHA-M25W,ATX | ホワイト/ブラック | 2016-10-18発売
Lian Li LANCOOL II MESH PERFORMANCE,Extended ATX | ブラック | 2020-07-20発売
Deepcool CL500 R-CL500-BKNMA1N-G-1,ATX | ブラック | 2020-10-30発売
Fractal Design Meshify 2 Solid FD-C-MES2A-01,Extended ATX | ブラック | 2020-11-20発売
In Win IW-PL052B/WOPS,Extended ATX | ブラック
Bitfenix ENSO BFC-ENS-150,Extended ATX | ホワイト/ブラック | 2018-02-01発売
Silverstone SST-RL05B-W,ATX | ブラック/ブラック/ブラック/ホワイト/ブラック/レッド/ホワイト/レッド | 2016-05-04発売
In Win IW-BQ656/150N-U3,Mini-ITX | ブラック | 2017-12-01発売
クーラーマスター MasterCase H500M MCM-H500M-IHNN-S00,Extended ATX | グレー | 2019-02-22発売
Thermaltake VIEW 31 TG RGB CA-1H8-00M1WN-01,ATX | ブラック | 2017-05-03発売
MSI MAG FORGE 100M,ATX | ブラック
Zalman I3,ATX | ブラック | 2019-10-25発売
FSP CMT230,ATX | ブラック | 2018-11-01発売
Raidmax X08,ATX | ブラック | 2018-07-26発売
In Win 303C IW-CF06B,ATX | ブラック | 2017-10-27発売
COUGAR MX350 5NM1,ATX | ブラック | 2018-10-17発売
Thermaltake LEVEL 20 MT ARGB CA-1M7-00M1WN-00,ATX | ブラック | 2019-03-22発売
Sharkoon ELITE SHARK CA200M,SSI-EEB | ブラック | 2019-08-23発売
Thermaltake VIEW 71 TG CA-1I7-00F1WN-00,Extended ATX | ブラック | 2017-09-08発売
In Win CS-216BLK,Extended ATX | ブラック | 2020-04-17発売
Thermaltake V250 TG ARGB CA-1Q5-00M1WN-00,ATX | ブラック | 2020-05-01発売
Supermicro CSE-GS5B-000R,ATX | ブラック/ブルー
クーラーマスター MasterBox MB511 ARGB MCB-B511D-KGNN-RGA,SSI-CEB | ブラック | 2020-05-28発売
Thermaltake AH T600,Extended ATX | ホワイト/ブラック | 2020-06-19発売
長尾製作所 SS-NFRAME-EATX,SSI-EEB | ブラック | 2020-08-05発売
In Win IW-EM035 USB3.0 E,MicroATX | ブラック
長尾製作所 N-FRAME-ATX,ATX | ブラック | 2020-01-23発売
長尾製作所 オープンフレーム ver.ATX,ATX | ブラック/ホワイト | 2020-01-23発売
COUGAR MX330-G 5NC1-G,ATX | ブラック | 2018-10-17発売
サイズ SIRIUS,ATX | ブラック | 2017-04-01発売
In Win IW-905-ARGB,Extended ATX | シルバー | 2019-09-13発売
Sharkoon ELITE SHARK CA200G,SSI-EEB | ブラック | 2019-08-23発売
Silverstone SST-PM01,ATX | ホワイト/ブルー/ブラック/ブルー/ブラック/ブルー/グレー/ブルー | 2016-04-09発売
In Win IW-EF052B/WOPS-U3,MicroATX | ブラック
Silverstone SST-FAB1B-RGB,ATX | ブラック | 2019-12-19発売
Thermaltake Core V51 TG CA-1C6-00M1WN-03,Extended ATX | ブラック | 2017-12-22発売
Sharkoon NIGHT SHARK,SSI-EEB | ブルー/ブルー | 2018-10-17発売
COUGAR DarkBlader-G,SSI-CEB | グレー
Silverstone SST-CS330B,MicroATX | ブラック | 2020-06-26発売
Silverstone SST-PS14B-E,SSI-CEB | ブラック | 2020-07-14発売
クーラーマスター MasterCase H500P Mesh White ARGB MCM-H500P-WGNN-S01,SSI-CEB | ホワイト | 2020-09-04発売
エム・コーポレーション いちご缶VESA 4 EMU-RP04 VESA,2020-10-01発売
Corsair iCUE 465X RGB,ATX | ホワイト/ブラック | 2019-10-05発売
Fractal Design Define 7 XL TG Dark Tint FD-C-DEF7X-03,SSI-EEB | ブラック | 2020-02-28発売
AZZA PYRAMID 804V CSAZ-804V,Extended ATX | シルバー | 2020-12-04発売
クーラーマスター MasterBox MB530P MCB-B530P-KHNN-S01,ATX | ブラック | 2019-03-22発売
Enermax SABERAY ADV Rev.2 ECA3501ABA-RGB,ATX | ブラック | 2019-09-14発売
Sharkoon SHA-S25-VBK,ATX | ブラック | 2016-09-16発売
Silverstone SST-ML09B,Mini-DTX | ブラック | 2016-04-09発売
Silverstone SST-FTZ01-E,Mini-DTX | シルバー/ブラック
Lian Li LANCOOL ONE Digital,Extended ATX | ホワイト/ブラック/ゴールド | 2018-10-12発売
Lian Li Alpha 550,Extended ATX | ブラック/ホワイト | 2017-11-10発売
Sharkoon PURE STEEL,SSI-EEB | ホワイト/ブラック | 2018-11-22発売
クーラーマスター MasterCase MC600P MCM-M600P-KG5N-S00,Extended ATX | グレー | 2018-07-13発売
Silverstone SST-CS381B,MicroATX | ブラック | 2019-07-25発売
COUGAR MG130,MicroATX | ブラック | 2019-11-16発売
Silverstone SST-PS14B,ATX | ブラック | 2016-12-16発売
Be Quiet SILENT BASE 801 Window BGW28,Extended ATX | オレンジ | 2019-02-01発売
In Win IW-BL634W/300H,MicroATX | ホワイト
Thermaltake VIEW 71 TG RGB CA-1I7-00F1WN-01,Extended ATX | ブラック | 2017-09-08発売
Sharkoon SHA-REV200,ATX | ブラック | 2020-04-10発売
Antec P110 Luce,ATX | ブラック | 2017-12-09発売
サイズ M1,MicroATX | ブラック | 2019-12-19発売
Thermaltake LEVEL 20 HT,Extended ATX | ホワイト/ブラック | 2020-04-10発売
COUGAR GEMINI S,SSI-CEB | グレー | 2019-06-13発売
Thermaltake TT Premium A500 TG Aluminum CA-1L3-00M9WN-00,ATX | ブラック | 2018-11-16発売
Corsair Crystal 280X RGB,MicroATX | ホワイト/ブラック | 2018-06-30発売
Silverstone SST-RL08-RGB,MicroATX | ブラック/ブラック | 2019-07-18発売
Corsair Crystal 570X RGB,ATX | ブラック/レッド/ホワイト | 2016-12-17発売
Thermaltake Core P5 TG Ti CA-1E7-00M9WN-00,ATX | ブラック | 2018-10-19発売
Fractal Design Meshify C TG FD-CA-MESH-C,ATX | ホワイト/ブラック | 2018-06-08発売
クーラーマスター MasterBox MB311L ARGB MCB-B311L-KGNN-S02,MicroATX | ブラック | 2020-05-28発売
長尾製作所 SS-NFRAME-MATX,MicroATX | ブラック | 2020-01-23発売
Thermaltake Core P8 TG CA-1Q2-00M1WN-00,Extended ATX | ブラック | 2020-09-25発売
COUGAR TURRET 5QMY,ATX | ブラック | 2018-10-17発売
Silverstone SST-FAR1W,ATX | ホワイト | 2020-01-23発売
COUGAR GEMINI X,SSI-CEB | ブラック | 2019-06-06発売
Silverstone SST-PS15B-RGB,MicroATX | ブラック | 2019-08-08発売
Corsair Carbide SPEC-DELTA RGB Tempered Glass CC-9011166-WW,ATX | ブラック | 2019-02-09発売
クーラーマスター MasterCase Maker 5 MSI Edition MCZ-005M-KWN00-MI,ATX | ブラック | 2017-10-12発売
COUGAR GEMINI T,SSI-CEB | ブラック | 2019-04-25発売
Sharkoon SHA-TG4,ATX | ブルー/ブルー | 2019-02-07発売
Corsair Carbide 275Q CC-9011164-WW,ATX | ブラック | 2019-02-02発売
Silverstone SST-LD01,MicroATX | ブラック
Silverstone SST-LD03B,Mini-DTX | ブラック | 2019-06-27発売
Deepcool QUADSTELLAR,Extended ATX | ブラック
Enermax MAKASHI MK50 ECA-MK50-BB-ARGB,Extended ATX | ブラック | 2019-03-16発売
Thermaltake Level 20 GT ARGB CA-1K9-00F1WN-02,Extended ATX | ブラック | 2019-03-22発売
Phanteks ECLIPSE P300 TEMPERED GLASS PH-EC300PTG_WT,ATX | ホワイト
In Win 915 IW-CF09,Extended ATX | ブラック/シルバー/ブラック | 2018-09-07発売
Sharkoon SHA-TG6 ARGB,ATX | ブラック | 2019-12-12発売
Corsair Carbide 400C,Extended ATX | ブラック/ホワイト | 2016-03-12発売
Sharkoon PURE STEEL RGB,SSI-EEB | ブラック | 2018-11-22発売
Lian Li TU-150,Mini-DTX | シルバー/ブラック | 2020-03-13発売
Bitfenix ENSO MESH BFC-ESM-150,Extended ATX | ホワイト/ブラック | 2018-12-15発売
Phanteks Enthoo EVOLV ATX GLASS PH-ES515ETG_BK,Extended ATX | ブラック
Sharkoon PURE STEEL RGB,SSI-EEB | ホワイト/ブラック | 2018-11-22発売
Silverstone SST-TJ08B-EJ,MicroATX | ブラック
Thermaltake LEVEL 20 GT ARGB Black Edition CA-1K9-00F1WN-03,Extended ATX | ブラック | 2020-04-24発売
Sharkoon SHA-RGB LIT100,ATX | ブラック | 2020-05-21発売
Sharkoon SHA-RGB LIT200,ATX | ブラック | 2020-05-21発売
Silverstone SST-SG13B-C,Mini-DTX | ブラック
Fractal Design Define S2 TG FD-CA-DEF-S2,Extended ATX | ホワイト/グレー/ブラック/ブラック | 2019-01-25発売
Lian Li TU-150W,Mini-DTX | シルバー/ブラック | 2019-10-18発売
Lian Li PC-O12WX,Extended ATX | ブラック | 2017-05-26発売
Sharkoon SHA-TG5,ATX | ブラック/ブルー/ブラック/グリーン/ブラック/ブルー/ブラック/ホワイト | 2017-07-01発売
Fractal Design Meshify S2 FD-CA-MESH-S2-BKO,Extended ATX | ブラック | 2019-02-22発売
Antec VSK10 Window,MicroATX | ブラック | 2019-07-13発売
Corsair Crystal 570X RGB CC-9011126-WW,ATX | ブラック | 2018-03-03発売
ABKONCORE CRONOS 650,ATX | ブラック | 2020-12-01発売
Corsair Obsidian 500D CC-9011116-WW,ATX | ブラック | 2018-03-03発売
In Win IW-103-PGE,ATX | ブラック | 2019-11-08発売
Silverstone SST-PM02-G,ATX | ホワイト/ブラック | 2018-01-24発売
Silverstone SST-RVZ03,Mini-DTX | ホワイト/ブラック | 2017-06-16発売
Silverstone SST-RVZ03-ARGB,Mini-DTX | ホワイト/ブラック | 2018-12-17発売
Lian Li Alpha 330,Extended ATX | ホワイト/ブラック | 2018-02-16発売
Phanteks Enthoo Luxe 2 PH-ES719LTG_DBK01_JP,SSI-EEB | ブラック | 2019-10-19発売
Thermaltake S500 TG CA-1O3-00M1WN-00,ATX | ブラック | 2019-11-22発売
Zalman Z7 NEO,ATX | ブラック | 2019-10-25発売
Thermaltake Versa J24 TG RGB CA-1L7-00M1WN-01,ATX | ブラック | 2018-10-26発売
In Win A1PLUS-PGE,Mini-ITX | ブラック | 2019-11-08発売
EK Water Blocks EK-Classic InWin 303EK,ATX | ブラック | 2020-02-27発売
Fractal Design Define S2 Vision Blackout FD-CA-DEF-S2V-BKO-TGD,Extended ATX | ブラック | 2019-06-01発売
In Win 925-BLACK,Extended ATX | ブラック | 2019-12-20発売
Lian Li PC-V760,Extended ATX | シルバー/ブラック | 2017-10-25発売
Silverstone SST-KL07B,ATX | ブラック | 2016-10-15発売
COUGAR CONQUER ESSENCE 5LMV,MicroATX | ブラック | 2018-10-17発売
Supermicro CSE-733TQ-665B,Extended ATX | ブラック
Zalman X3,ATX | ホワイト/ブラック | 2019-10-25発売
Sharkoon SHA-TG5-RGB,ATX | ブラック | 2018-07-27発売
Silverstone SST-VT01,Mini-STX | シルバー/ブラック | 2016-09-16発売
Thermaltake H550 TG ARGB CA-1P4-00M1WN-00,ATX | ブラック | 2020-04-24発売
Silverstone SST-GD07B-C,SSI-EEB | ブラック
Sharkoon SHA-TG5 Pro RGB,ATX | ブラック | 2020-08-25発売
In Win IW-MS04-01B/315H-80G,Mini-ITX | ブラック
Lian Li O11 AIR,Extended ATX | ブラック | 2018-07-24発売
Silverstone SST-CS380B,ATX | ブラック | 2016-10-15発売
COUGAR PANZER S 5GML,SSI-CEB | ブラック | 2019-04-25発売
Lian Li DK-04FX,Extended ATX | ブラック | 2020-06-01発売
In Win IW-EF052B/PCA012-U3,MicroATX | ブラック
Silverstone SST-RL06-PRO,ATX | ホワイト/シルバー/ブラック/レッド | 2017-01-13発売
Antec Striker,Mini-ITX | ホワイト | 2019-11-09発売
Enermax CoreIcer CI30 ECA-CI30-M0BB-ARGB,ATX | ブラック
エム・コーポレーション いちご缶VESA 2 EMU-RP02 VESA,
Antec Striker PGE,Mini-ITX | ホワイト | 2020-08-29発売
Silverstone SST-FAB1B-G,ATX | ブラック | 2019-12-19発売
Supermicro CSE-743TQ-865B-SQ,Extended ATX | ブラック
Corsair Carbide SPEC-04 Tempered Glass CC-9011117-WW,ATX | ブラック/レッド | 2017-10-07発売
Thermaltake LEVEL 20 RS ARGB CA-1P8-00M1WN-00,ATX | ブラック | 2020-05-29発売
ABKONCORE CRONOS 510S,ATX | ブラック | 2020-12-01発売
Lian Li PC-K5WX,ATX | ブラック | 2016-05-27発売
Corsair Crystal 460X CC-9011099-WW,ATX | ブラック | 2016-11-19発売
In Win 303 AURORA IW-CF06,ATX | ブラック/ホワイト | 2017-04-26発売
クーラーマスター COSMOS II 25th Anniversary Edition RC-1200-KKN2,SSI-EEB | シルバー/ブラック | 2017-08-30発売
Antec P8,ATX | ブラック | 2017-08-01発売
クーラーマスター COSMOS C700P MCC-C700P-MG5N-S00,Extended ATX | グレー/ブラック | 2017-12-20発売
Thermaltake V200 TG CA-1K8-00M1WN-00,ATX | ブラック | 2018-11-16発売
Colorful Segotep Hyperion-T,ATX | ブラック | 2018-12-22発売
クーラーマスター MasterBox MB520 RGB MCB-B520-KGNN-RGB,ATX | ブラック | 2019-03-22発売
Deepcool MATREXX 70 ADD-RGB 3F DP-ATX-MATREXX70-BKG0P-3F,Extended ATX | ブラック
Sharkoon SHA-DG7000-G RGB,ATX | ブラック | 2018-01-12発売
クーラーマスター CM 690 III White CMS-693-WWN1-V2,ATX | ホワイト | 2016-05-27発売
クーラーマスター MasterCase MC500P MCM-M500P-KG5N-S00,Extended ATX | グレー | 2018-07-13発売
Thermaltake Commander C31 TG ARGB CA-1N2-00M1WN-00,ATX | ブラック | 2019-04-12発売
Colorful Segotep MEX,Extended ATX | ブラック | 2018-12-22発売
MSI MPG GUNGNIR 100,Extended ATX | ブラック/グレー | 2019-02-23発売
Fractal Design Focus Micro FD-CA-FOCUS-MC-BK-JP,MicroATX | ブラック | 2019-09-13発売
Silverstone SST-VT02B,Mini-STX | ブラック | 2017-04-14発売
クーラーマスター MasterBox MB500 MCB-B500D-KGNN-S00,ATX | ブラック | 2018-08-24発売
In Win IW-CA06,Extended ATX | グレー/ブラック/ブラック/ブルー | 2016-02-01発売
Xigmatek HELIOS,MicroATX | ブラック | 2016-05-12発売
Corsair Carbide 270R Windowed CC-9011105-WW,ATX | ブラック | 2017-01-21発売
MSI MPG GUNGNIR 100D,Extended ATX | ブラック | 2019-02-23発売
Sharkoon SHA-BW9000G-B,ATX | ブラック
In Win IW-PE052B/PCA012-U3,ATX | ブラック
Bitfenix Nova Extreme BFX-NVE-100,ATX | ブラック/ホワイト | 2017-11-01発売
Antec P6,MicroATX | ブラック | 2018-06-23発売
Deepcool TRISTELLAR SW,Mini-ITX | ブラック
Thermaltake Core G3 CA-1G6-00T1WN-00,ATX | ブラック | 2016-09-16発売
Thermaltake Versa H26 /w casefan + 500W,ATX | ブラック/ホワイト | 2017-11-02発売
COUGAR BLAZER,SSI-CEB | ブラック | 2020-02-08発売
GAMDIAS ARGUS M1,Extended ATX | ブラック | 2019-09-20発売
サイズ GEMINI,MicroATX | ブラック | 2018-08-09発売
Silverstone SST-PT13B-USB3.0,2018-02-02発売
In Win 303 Black/Polaris,ATX | ブラック | 2018-06-01発売
Silverstone SST-PS08BJ,MicroATX | ブラック
Bitfenix Pandora ATX BFC-PAN-600-KKWL1-RP,ATX | ブラック | 2017-11-01発売
Phanteks Enthoo EVOLV SHIFT PH-ES217E_BK,Mini-ITX | ブラック | 2017-12-16発売
Silverstone SST-PS14B-W,ATX | ブラック
Silverstone SST-RVZ01B-E,Mini-DTX | ブラック | 2016-04-18発売
Deepcool TRISTELLAR,Mini-ITX | ブラック
Deepcool NEW ARK 90,Extended ATX | ブラック
In Win 101C IW-CI698W,ATX | ホワイト
Corsair Carbide 600Q CC-9011080-WW,Extended ATX | ブラック | 2016-02-13発売
クーラーマスター MasterBox 5 MSI Edition MCX-B5S2-KWNN-03-MI,ATX | ブラック | 2017-10-12発売
Corsair Carbide SPEC-M2 CC-9011087-WW,MicroATX | ブラック | 2016-01-30発売
Silverstone SST-PS07BJ,MicroATX | ブラック
Thermaltake Versa C22 RGB,ATX | ブラック/ホワイト | 2016-11-04発売
Dan Cases A4-SFX v2,Mini-ITX | ブラック/シルバー | 2018-01-15発売
クーラーマスター MasterBox Lite 3 MCW-L3S2-KN5N,MicroATX | ブラック | 2016-12-09発売
Thermaltake Core W200 CA-1F5-00F1WN-00,Extended ATX | ブラック | 2017-02-17発売
In Win IW-WINBOT,Extended ATX | ブラック/ブラック | 2018-03-28発売
Antec CUBE EK,Mini-ITX | ブラック | 2016-12-17発売
Sharkoon SHA-DG7000-G,ATX | ブルー/グレー/レッド | 2016-08-24発売
Xigmatek SOUNDWAVE A,ATX | ブラック | 2016-03-01発売
クーラーマスター MasterBox 5 Black MCY-B5S1-KKYN-13,ATX | ブラック | 2016-11-11発売
クーラーマスター MasterBox Q300P MCB-Q300P-KANN-S02,MicroATX | ブラック | 2018-07-13発売
In Win 509 IW-BXR148,Extended ATX | グレー/ブラック/ブルー/ブラック | 2016-09-03発売
Xigmatek FRONTLINER,ATX | ブラック | 2016-12-21発売
In Win 101 IW-CI698,ATX | ブラック/ホワイト | 2017-07-22発売
NZXT Noctis 450 ROG,ATX | グレー | 2017-04-05発売
NZXT H200i CA-H200W,Mini-ITX | ブラック/ブラック/ホワイト/ブラック | 2017-12-01発売
Phanteks ECLIPSE P400S PH-EC416PSC,Extended ATX | ブラック/ホワイト/グレー | 2016-04-16発売
Jonsbo RM2,ATX | ブラック/シルバー | 2016-05-28発売
Thermaltake Core W100 CA-1F2-00F1WN-00,Extended ATX | ブラック | 2016-03-25発売
Enermax STEELWING ECB2010,MicroATX | グリーン/ブルー | 2016-12-09発売
ギガバイト AORUS AC300W,ATX | ブラック | 2017-09-01発売
Silverstone SST-FT03-MINIJ,Mini-DTX | ブラック/シルバー
Lian Li PC-Q38W,Mini-ITX | ブラック/シルバー | 2017-09-13発売
In Win IW-928-Black,SSI-EEB | ブラック | 2019-06-01発売
NZXT Manta,Mini-ITX | ブラック/ブラック/レッド | 2016-03-20発売
Deepcool DUKASE LIQUID DP-ATX-DUKBK-LIQUID2,ATX | ブラック
GAMDIAS TALOS P1,Extended ATX | ブラック | 2018-10-26発売
Antec DF500 RGB,ATX | ブラック | 2018-06-23発売
Thermaltake Core P1 TG CA-1H9-00T1WN-00,Mini-ITX | ブラック | 2017-04-28発売
REEVEN PERSES RE-A18002-B,ATX | ブラック | 2017-01-12発売
Corsair Carbide SPEC-04,ATX | ブラック/レッド/ブラック/イエロー/ブラック/グレー | 2017-05-20発売
Lian Li PC-J60WRX,ATX | ブルー | 2016-04-19発売
Thermaltake Suppressor F51-Window Power Cover Edition CA-1E1-00M1WN-02,Extended ATX | ブラック | 2016-03-11発売
Abee smart EM30 SME-EM30 5.25 Solid Bezel付属モデル,MicroATX | ブルー/レッド | 2016-12-28発売
Thermaltake Core X71 CA-1F8-00M1WN-00,ATX | ブラック | 2016-03-25発売
Deepcool Genome ROG Certified Edition,ATX | ブラック
Deepcool EARLKASE RGB V2,ATX | ブラック
Corsair Carbide 600C CC-9011079-WW,Extended ATX | ブラック | 2016-02-13発売
In Win D-FRAME 2.0,Extended ATX | ブラック/ゴールド/ホワイト/ブルー | 2016-09-15発売
Enermax Fulmo.Q PLUS ECA3390AG-BL,ATX | ブラック
Deepcool MATREXX 55 ADD-RGB,Extended ATX | ブラック/ホワイト
Silverstone SST-RL06-GP,ATX | ブラック/レッド/ホワイト/シルバー | 2017-07-28発売
In Win 303 RGB IW-CF06,ATX | ブラック/ホワイト | 2017-06-16発売
NZXT H500i CA-H500W,ATX | ブラック/ホワイト | 2018-07-20発売
Lian Li PC-O9W,Extended ATX | ブラック/ブラック | 2016-09-12発売
Cryorig Taku Silver,Mini-ITX | シルバー | 2017-11-21発売
Abee AS Enclosure RS06 ASE-RS06,Mini-ITX | シルバー/ブラック/ホワイト | 2016-09-29発売
クーラーマスター MasterBox 5 White MCY-B5S1-WWYN-12,ATX | ホワイト | 2016-11-11発売
Nanoxia Deep Silence 1 Rev.B NXDS1,ATX | ブラック/ホワイト/グレー
AeroCool P7-C1,ATX | ブラック/ホワイト | 2016-09-25発売
Fractal Design Define Mini C Window FD-CA-DEF-MINI-C,MicroATX | ブラック/ホワイト | 2016-11-25発売
Thermaltake Suppressor F31-Window Power Cover Edition CA-1E3-00M1WN-02,ATX | ブラック | 2016-03-11発売
Thermaltake Core G21 TG CA-1I4-00M1WN-00,ATX | ブラック | 2017-08-04発売
Corsair Carbide Air 540 Silver Edition CC-9011034-WLED,Extended ATX | シルバー
EK Water Blocks EK-Quantum InWin 909EK,Extended ATX | シルバー | 2020-06-01発売
Deepcool GAMER STORM NEW ARK 90SE DP-ATX-NARK90SE,Extended ATX | ブラック
クーラーマスター MasterBox K500 Phantom Gaming Edition MCB-K500D-KGNN-ASR,ATX | ブラック | 2019-05-01発売
クーラーマスター MasterBox Lite 3.1 MCW-L3B3-KANN-01,MicroATX | ブラック
サイズ SARA4,ATX | ブラック | 2017-09-22発売
Enermax SABERAY ADV ECA3500ABA-RGB,ATX | ブラック | 2019-03-30発売
Abee AS Enclosure RZ600 ASE-RZ600,ATX | シルバー/ブラック/ホワイト | 2016-09-29発売
Antec P9 Window,ATX | ブラック
Be Quiet DARK BASE PRO 900,Extended ATX | オレンジ/ブラック/シルバー | 2016-10-25発売
NZXT S340 ELITE-VR,ATX | ブラック | 2016-11-08発売
Silverstone SST-TJ04B-EJ,SSI-CEB | ブラック
Corsair Carbide 400Q CC-9011082-WW,Extended ATX | ブラック | 2016-03-12発売
In Win 909C IW-CF04,Extended ATX | ブラック/ブラック/シルバー | 2018-02-28発売
Be Quiet PURE BASE 600,ATX | ブラック/シルバー | 2017-02-07発売
Silverstone SST-PM01-FX,ATX | ホワイト/ブラック | 2017-04-01発売
Deepcool MATREXX 55 MESH ADD-RGB 4F DP-ATX-MATREXX55-MESH-AR-4F,Extended ATX | ブラック
Sharkoon SHA-S25-WBK,ATX | ブラック | 2016-09-16発売
Thermaltake VIEW 37 RGB Plus CA-1J7-00M1WN-01,Extended ATX | ブラック | 2018-05-03発売
MSI MAG PYLON,ATX | ブラック | 2018-05-25発売
Xigmatek Aquila-NV,MicroATX | ブラック | 2017-12-14発売
Thermaltake Versa J22 TG RGB CA-1L5-00M1WN-01,ATX | ブラック | 2018-10-26発売
NZXT H700i CA-H700W,Extended ATX | ブラック/ブラック/ホワイト/ブラック | 2017-11-15発売
クーラーマスター MasterBox Lite 5 MCW-L5S3-KANN-01,ATX | ブラック
Sama 黒透 JAX-02W,ATX | ブラック
Enermax GraceFun ECB3090,ATX | ブラック/ホワイト
Thermaltake Core P3 TG Curve CA-1G4-00M1WN-05,ATX | ブラック | 2019-04-05発売
NCASE M1 Version.5 20000,Mini-DTX | ブラック/シルバー
Dan Cases A4-SFX v4,Mini-ITX | ブラック/シルバー | 2019-05-27発売
Corsair Carbide SPEC-ALPHA,ATX | ホワイト/レッド/ブラック/シルバー/ブラック/レッド/ブラック/イエロー | 2016-05-14発売
In Win IW-EC021,ATX | ブラック
Enermax Gravito ECB3010-B,ATX | ブラック
Antec CUBE RAZER,Mini-ITX | ブラック | 2017-01-28発売
GAMDIAS TALOS M1,ATX | ブラック | 2018-10-26発売
MSI MPG SEKIRA 500X,Extended ATX | ブラック | 2019-08-02発売
Enermax SABERAY ECA3500BA-RGB,ATX | ブラック | 2018-05-11発売
Lian Li O11 AIR RGB,Extended ATX | ブラック | 2018-07-24発売
Corsair Carbide 270R CC-9011106-WW,ATX | ブラック | 2017-01-21発売
クーラーマスター Trooper SE SGC-5000-KWN2,Extended ATX | ブラック | 2018-06-29発売
NZXT H500 Vault Boy CA-H500B-VB,ATX | ブルー | 2019-05-01発売
Thermaltake VIEW 91 TG RGB CA-1I9-00F1WN-00,Extended ATX | ブラック | 2018-04-01発売
Antec P9,ATX | ブラック | 2016-05-14発売
Deepcool EARLKASE RGB WH,ATX | ホワイト
Thermaltake VIEW 28 RGB CA-1H2-00M1WN-00,ATX | ブラック | 2017-05-03発売
Enermax SABERAY White ECA3500WA-RGB,ATX | ホワイト | 2018-12-08発売
Sharkoon SHA-RGB FLOW,ATX | ブラック | 2019-12-12発売
NZXT H440-Plus,ATX | ブラック/レッド/ホワイト/ブラック/ブルー
Deepcool MATREXX 55 ADD-RGB 3F DP-ATX-MATREXX55-AR-3F,Extended ATX | ブラック | 2018-12-21発売
Xigmatek SS01,MicroATX | ブラック | 2017-12-07発売
FSP CMT520,Extended ATX | ブラック | 2019-06-14発売
In Win 805 Infinity,ATX | ブラック | 2016-10-15発売
Antec GX1200,Extended ATX | ブラック | 2016-08-13発売
Corsair Carbide 400Q CC-9011100-WW,ATX | ブラック | 2016-10-15発売
In Win A1-RGB,Mini-ITX | ブラック/ホワイト | 2018-06-15発売
Thermaltake Versa C21 RGB CA-1G8-00M1WN-00,ATX | ブラック | 2016-09-16発売
クーラーマスター MasterCase H500P Mesh White MCM-H500P-WGNN-S00,Extended ATX | ホワイト | 2018-11-21発売
Lian Li PC-O11WGX,Extended ATX | ブラック | 2017-05-19発売
NCASE M1 Version.5,Mini-DTX | ブラック/シルバー | 2016-01-01発売
Thermaltake Core P3,ATX | ブラック/ホワイト | 2016-07-29発売
Lian Li DK-04X,ATX | ブラック | 2016-06-01発売
Silverstone SST-RL06-W,ATX | ブラック/レッド/ホワイト/シルバー
Deepcool MATREXX 55 V3 ADD-RGB WH 3F DP-ATX-MATREXX55V3-AR-WH-3F,Extended ATX | ホワイト
Corsair Carbide 275R,ATX | ブラック/ホワイト | 2018-04-21発売
In Win 303 NVIDIA EDITION IW-CF06NV 303-NV,ATX | ブラック | 2016-11-05発売
Bitfenix Portal Window BFC-POT-150,Mini-ITX | ブラック/ホワイト | 2017-11-01発売
Enermax OSTROG ADV ECA3380AS,ATX | ブルー/ブルー/グリーン | 2016-05-28発売
NZXT H400i CA-H400W,MicroATX | ブラック/ブラック/ホワイト/ブラック | 2017-12-01発売
Thermaltake Versa U21 CA-1G5-00M1WN-00,ATX | ブラック | 2016-09-16発売
REEVEN NOTOS RE-M18002-B,MicroATX | ブラック | 2016-12-28発売
クーラーマスター Stryker SE SGC-5000W-KWN2,Extended ATX | ホワイト | 2018-06-29発売
Lian Li PC-O10WX,Extended ATX | ブラック | 2016-11-04発売
Ryantek PRIMO P115A_BK,Mini-ITX | ブラック | 2017-01-14発売
KEIAN KT-MEX303,MicroATX | ブラック
Antec P7 Window,ATX | グレー/レッド | 2018-06-09発売
NZXT H700i Ninja CA-H700W-NJ,Extended ATX | ブルー | 2018-08-24発売
Corsair Carbide SPEC-OMEGA Tempered Glass,ATX | ブラック/ブラック/レッド/ブラック/ホワイト | 2018-02-03発売
Deepcool MACUBE 550,ATX | ブラック/ホワイト
Corsair Crystal 460X RGB,ATX | ブラック/ホワイト
In Win H-Frame 2.0,Extended ATX | ブラック | 2016-06-10発売
Thermaltake Core X31 RGB CA-1E9-00M1WN-02,ATX | ブラック | 2016-04-01発売
NZXT H500 CA-H500B,ATX | ホワイト/ブラック/ブラック/ブラック | 2018-07-20発売
Thermaltake V200 TG RGB Sync Edition CA-1K8-00M1WN-01,ATX | ブラック | 2018-11-16発売
Raijintek THETIS WINDOW,ATX | ブラック/シルバー | 2017-06-24発売
Sharkoon PURE STEEL BLACK STRIP,SSI-EEB | ブラック | 2020-01-16発売
Phanteks Enthoo EVOLV SHIFT X PH-ES217XE_BK,Mini-ITX | ブラック | 2017-12-16発売
クーラーマスター MasterBox MB500 TUF Edition MCB-B500D-KGNN-TUF,ATX | ブラック | 2018-07-27発売
NZXT H510i Phantom Gaming CA-H510I-AR,ATX | ブラック | 2019-10-25発売
Fractal Design Define C Window FD-CA-DEF-C-BK-W,ATX | ブラック | 2016-11-25発売
Bitfenix Shogun Window Black BFC-SOG-600-KKWSK-RP,Extended ATX | ブラック | 2017-11-01発売
MSI MAG BUNKER,ATX | ブラック | 2018-05-25発売
Thermaltake VIEW 21 TG CA-1I3-00M1WN-00,ATX | ブラック | 2017-08-04発売
In Win IW-CI698B 101-TUF GAMING,ATX | ブラック | 2018-03-15発売
Sharkoon SHA-AI7000S,ATX | ブラック/レッド/グレー/ブルー | 2017-09-05発売
In Win IW-CE685/300PL,MicroATX | ブラック | 2017-08-31発売
NZXT H1 CA-H16WR,Mini-ITX | ホワイト/ブラック | 2020-04-17発売
NZXT H700 PUBG CA-H700B-PG,Extended ATX | レッド | 2019-02-22発売
Thermaltake VIEW 22 TG CA-1J3-00M1WN-00,ATX | ブラック | 2017-12-22発売
Enermax EQUILENCE,ATX | ブラック
Silverstone SST-FAV1MB-PRO,MicroATX | ブラック | 2020-12-25発売
Thermaltake VIEW 27 CA-1G7-00M1WN-00,ATX | ブラック | 2016-10-28発売
Supermicro CSE-745TQ-R920B,Extended ATX | ブラック
In Win IW-307-White,ATX | ホワイト | 2018-12-19発売
Deepcool MATREXX 70 DP-ATX-MATREXX70-BKG0P,Extended ATX | ブラック
Silverstone SST-PM01-RGB,ATX | ブラック/ブラック/ホワイト | 2017-03-10発売
COUGAR PANZER G 5GMM,SSI-CEB | ブラック | 2019-04-25発売
Thermaltake Core X5 CA-1E8-00M1WN-00,Extended ATX | ブラック | 2016-03-25発売
Thermaltake Core P7 TG CA-1I2-00F1WN-00,Extended ATX | ブラック | 2017-08-04発売
Corsair Carbide Air 740 CC-9011096-WW,ATX | ブラック | 2016-10-15発売
Lian Li Horizontal PC-V320,MicroATX | シルバー/ブラック | 2017-10-11発売
Abee smart EZ300 SME-EZ300,ATX | シルバー/ブラック | 2016-12-28発売
COUGAR DarkBlader-S,SSI-CEB | ブラック
Silverstone SST-GD09B-C,SSI-CEB | ブラック
Silverstone SST-ML04B-C,MicroATX | ブラック
MSI MPG GUNGNIR 110R,ATX | ブラック
Silverstone SST-FAR1B-PRO,ATX | ブラック
Silverstone SST-FAB1B-PRO,ATX | ブラック
GAMDIAS APOLLO M2,ATX | ブラック
Lian Li PC-Q39GWX,Mini-ITX | ブラック | 2017-08-22発売
Lian Li O11 DYNAMIC SPACE GREY SPECIAL EDITION,Extended ATX | グレー | 2020-09-04発売
Thermaltake VIEW 28 RGB Riing FAN Edition CA-1H2-00M1WN-01,ATX | ブラック | 2017-05-03発売
Lian Li LANCOOL ONE,Extended ATX | ブラック | 2018-10-12発売
Lian Li PC-K6SX,ATX | ブラック | 2016-05-27発売
NZXT H500 Overwatch CA-H500B-OW,ATX | ブラック/オレンジ | 2019-05-17発売
クーラーマスター MasterBox Pro 5 RGB MCY-B5P2-KWGN-01,Extended ATX | ブラック | 2018-06-29発売
Deepcool BARONKASE LIQUID,ATX | ブラック/ホワイト
Abee smart EZ300 SME-EZ300 5.25 Solid Bezel付属モデル,ATX | ブルー/レッド | 2016-12-28発売
Lian Li PC-Q34,Mini-DTX | シルバー/ブラック/ブルー/ゴールド
Thermaltake Versa N27,ATX | ブラック/ホワイト | 2017-04-28発売
Abee smart EM30 SME-EM30,MicroATX | シルバー/ブラック | 2016-12-28発売
クーラーマスター COSMOS C700M MCC-C700M-MG5N-S00,Extended ATX | グレー/シルバー/ブラック | 2019-03-22発売
Lian Li PC-K5X,ATX | ブラック | 2016-05-27発売
クーラーマスター MasterBox K500 MCB-K500D-KGNN-S00,ATX | ブラック | 2018-11-02発売
Lian Li PC-K6X,ATX | ブラック | 2016-05-27発売
Thermaltake Level 20 GT RGB Plus CA-1K9-00F1WN-01,Extended ATX | ブラック | 2019-03-22発売
GAMDIAS TALOS P1A,Extended ATX | ブラック | 2019-04-18発売
Lian Li PC-T70,Extended ATX | ブラック/ホワイト | 2017-05-16発売
Bitfenix Aurora BFC-ARA-300,Extended ATX | ブラック/ホワイト | 2017-11-01発売
Lian Li Horizontal PC-Q50,Mini-ITX | シルバー/ブラック | 2017-10-11発売
クーラーマスター MasterBox TD500L MCB-D500L-KANN-S00,ATX | ブラック | 2018-08-30発売
Thermaltake TT Premium A700 TG Aluminum CA-1O2-00F9WN-00,Extended ATX | ブラック | 2019-11-22発売
Zalman K1,ATX | ブラック | 2019-10-25発売
GAMDIAS TALOS M1A,ATX | ブラック | 2019-04-18発売
Lian Li BORA DIGITAL 330,Extended ATX | ブラック/ブラック/ホワイト/シルバー | 2019-06-27発売
Lian Li PC-7N,ATX | シルバー/ブラック | 2016-03-14発売
AeroCool DS 230,ATX | ブラック | 2016-07-30発売
Silverstone SST-RL07-G,ATX | ホワイト/ブラック | 2017-12-20発売
In Win 909 IW-CF04,Extended ATX | ブラック/シルバー | 2016-06-10発売
Sharkoon SHA-AM5S,ATX | レッド/ブルー/グレー | 2017-10-06発売
Lian Li Horizontal PC-V720,ATX | シルバー/ブラック | 2017-10-11発売
Phanteks ECLIPSE P400S Window PH-EC416PSW,Extended ATX | ブラック/ホワイト/グレー | 2016-04-16発売
Fractal Design Define R6 USB-C FD-CA-DEF-R6C,Extended ATX | ブラック/グレー/ホワイト/ブラック | 2018-10-26発売
Lian Li PC-O11W,Extended ATX | ブラック/ホワイト | 2017-03-15発売
MetallicGear Neo MG-NE510,ATX | ブラック/シルバー
クーラーマスター MasterBox Lite 5 RGB MCW-L5S3-KGNN-02,ATX | ブラック | 2018-05-25発売
In Win 805C IW-CF05,ATX | ブラック/ブラック/レッド/ブラック/ゴールド | 2016-06-24発売
Silverstone SST-RL06-G,ATX | ブラック/レッド/ホワイト/シルバー | 2017-07-28発売
Lian Li PC-Y6,Mini-ITX | ホワイト | 2016-04-01発売
Phanteks Enthoo PRO M GLASS PH-ES515PTG_BK,Extended ATX | ブラック
Thermaltake LEVEL 20 Limited Edition CA-1J9-00F9WN-00,Extended ATX | ブラック | 2019-04-19発売
COUGAR CONQUER 2,SSI-CEB | ブラック | 2020-02-08発売
Lian Li PC-M25,MicroATX | シルバー/ブラック | 2016-03-18発売
Thermaltake Core X31 with Power Cover CA-1E9-00M1WN-00,ATX | ブラック | 2016-03-11発売
Silverstone SST-LD03B-AF,Mini-DTX | ブラック | 2020-06-26発売
Deepcool Frame,MicroATX | ブラック
クーラーマスター MasterCase H500P MCM-H500P-MGNN-S00,Extended ATX | グレー/ブラック | 2018-01-12発売
クーラーマスター MasterCase Maker 5 MCZ-005M-KWN00,ATX | グレー | 2016-11-01発売
Silverstone SST-CS280B,Mini-DTX | ブラック | 2016-09-16発売
Silverstone SST-RL01B-WJ,ATX | ブラック
Deepcool MATREXX 55 V3 ADD-RGB DP-ATX-MATREXX55V3-AR,Extended ATX | ブラック
クーラーマスター MasterBox Q500L Sakura Edition with V750 Semi MCB-Q500L-KANA75-SJP,ATX | ホワイト | 2020-04-24発売
KEIAN KT-MEX303-S550,MicroATX | ブラック
NZXT H700 CA-H700B,Extended ATX | ホワイト/ブラック/ブラック/レッド/ブラック/ブルー | 2018-06-08発売
Thermaltake Versa C23 RGB CA-1H7-00M1WN-00,ATX | ブラック | 2017-09-08発売
エム・コーポレーション いちご缶 EMU-RP01,2016-08-30発売
Antec DF500,ATX | ブラック
Lian Li PC-J60B,ATX | ブラック | 2016-04-19発売
Lian Li PC-Q37,Mini-ITX | ブラック | 2016-10-21発売
エム・コーポレーション いちご缶VESA EMU-RP01VESA,2016-12-26発売
COUGAR PANZER EVO RGB 6AMT-RGB,SSI-CEB | ブラック | 2018-10-17発売
Thermaltake VIEW 32 TG RGB CA-1J2-00M1WN-00,ATX | ブラック | 2018-06-22発売
NZXT H700 Nuka-Cola CA-H700B-NC,Extended ATX | レッド | 2018-12-03発売
Deepcool MATREXX 55 DP-ATX-MATREXX55,Extended ATX | ブラック | 2018-10-26発売
Deepcool GAMER STORM NEW ARK 90MC DP-ATXLCS-NARK90MC,Extended ATX | ブラック
