Crucial CT2K8G4DFS832A,2 x 8GB | DDR4-3200 | DIMM,7150
CFD Selection W4U2666CM-8GR,2 x 8GB | DDR4-2666 | DIMM | 2021-01-01発売,6960
CFD Selection W4U3200CM-16GR,2 x 16GB | DDR4-3200 | DIMM | 2021-01-01発売,13750
CFD Selection D4N3200CM-8GR,1 x 8GB | DDR4-3200 | S.O.DIMM | 2021-01-01発売,3828
CFD W4U2666CX1-8G,2 x 8GB | DDR4-2666 | DIMM | 2019-10-01発売,6578
Crucial CT2K16G4DFD832A,2 x 16GB | DDR4-3200 | DIMM,13521
umax UM-DDR4D-2666-16GBHS,2 x 8GB | DDR4-2666 | DIMM,6470
Corsair CMK64GX4M2E3200C16,2 x 32GB | DDR4-3200 | DIMM,29970
CFD D4U2666PS-8GC19,1 x 8GB | DDR4-2666 | DIMM | 2018-09-01発売,3471
Team TPD416G2666HC19DC01,2 x 8GB | DDR4-2666 | DIMM,6646
Corsair CMK32GX4M2D3200C16,2 x 16GB | DDR4-2133(DDR4-3200) | DIMM,14410
CFD Selection W4U2666CM-16GS,2 x 16GB | DDR4-2666 | DIMM,12980
CFD Selection W4N3200CM-8GR,2 x 8GB | DDR4-3200 | S.O.DIMM | 2021-01-01発売,7128
G.Skill F4-3600C19D-16GSXWB,2 x 8GB | DDR4-2133(DDR4-3600) | DIMM | 2018-05-02発売,7799
umax UM-DDR4D-3200-32GBHS,2 x 16GB | DDR4-3200 | DIMM,12973
G.Skill F4-3600C19D-32GSXWB,2 x 16GB | DDR4-2133(DDR4-3600) | DIMM,15980
Crucial CT2K8G4DFS8266,2 x 8GB | DDR4-2666 | DIMM | 2017-06-01発売,7480
トランセンド JetRam JM2666HSB-8G,1 x 8GB | DDR4-2666 | S.O.DIMM,3810
ADATA AD4U3200732G22-D,2 x 32GB | DDR4-3200 | DIMM,26223
CFD Selection W4U3200CM-8GR,2 x 8GB | DDR4-3200 | DIMM | 2021-01-01発売,7128
G.Skill F4-3600C16D-32GTZNC,2 x 16GB | DDR4-2133(DDR4-3600) | DIMM,23518
umax UM-SODDR4S-2666-8G,1 x 8GB | DDR4-2666 | S.O.DIMM,3264
CFD D4N2666PS-16G,1 x 16GB | DDR4-2666 | S.O.DIMM | 2017-10-01発売,6398
CFD D4U2400PS-4GC17,1 x 4GB | DDR4-2400 | DIMM | 2018-07-01発売,1970
Crucial CT8G4SFS8266,1 x 8GB | DDR4-2666 | S.O.DIMM,3799
G.Skill F4-3200C16D-32GTZRX,2 x 16GB | DDR4-3200 | DIMM,18678
Crucial Ballistix BL2K8G36C16U4B,2 x 8GB | DDR4-3600 | DIMM | 2020-03-27発売,10678
Crucial CT2K8G4DFS824A,2 x 8GB | DDR4-2400 | DIMM,7120
CFD Selection D4N3200CM-16G,1 x 16GB | DDR4-3200 | S.O.DIMM | 2019-05-01発売,8228
CFD Selection D4N2666CM-16GR,1 x 16GB | DDR4-2666 | S.O.DIMM | 2021-01-01発売,6578
CFD D4N2400PS-8G,1 x 8GB | DDR4-2400 | S.O.DIMM | 2018-03-01発売,3826
CFD Selection W4N3200CM-16GR,2 x 16GB | DDR4-3200 | S.O.DIMM | 2021-01-01発売,15793
CFD W4U3200PS-8G,2 x 8GB | DDR4-3200 | DIMM | 2019-11-01発売,6989
CFD Selection D4N3200CM-8G,1 x 8GB | DDR4-3200 | S.O.DIMM | 2019-05-01発売,3980
CFD D4N2400PS-4G,1 x 4GB | DDR4-2400 | S.O.DIMM | 2018-03-01発売,1944
CFD W4U2400PS-4GC17,2 x 4GB | DDR4-2400 | DIMM,3874
Crucial CT8G4SFS832A,1 x 8GB | DDR4-3200 | S.O.DIMM,3880
Crucial Ballistix BL2K16G32C16U4B,2 x 16GB | DDR4-3200 | DIMM,18231
CFD W4U3200PS-16G,2 x 16GB | DDR4-3200 | DIMM | 2019-11-01発売,13800
CFD Selection W4U3200CM-16G,2 x 16GB | DDR4-3200 | DIMM | 2019-05-01発売,14608
Crucial CT2K16G4DFD8266,2 x 16GB | DDR4-2666 | DIMM | 2017-06-01発売,13800
Crucial Ballistix BL2K32G36C16U4B,2 x 32GB | DDR4-3600 | DIMM | 2020-03-27発売,44090
CFD W4U2666PS-8GC19,2 x 8GB | DDR4-2666 | DIMM | 2018-09-01発売,6980
CFD W4U2666PS-4GC19,2 x 4GB | DDR4-2666 | DIMM | 2018-06-01発売,4219
CFD W4U3200CX1-8G,2 x 8GB | DDR4-3200 | DIMM | 2019-10-01発売,6908
OCMEMORY OCM3200CL22D-32GBNA,2 x 16GB | DDR4-3200 | DIMM | 2020-12-17発売,13500
CFD Selection D4N2400CM-8G,1 x 8GB | DDR4-2400 | S.O.DIMM | 2016-09-01発売,3980
CFD W4U3200CX1-16G,2 x 16GB | DDR4-3200 | DIMM | 2019-10-01発売,14240
ESSENCORE KLEVV KD4AGU880-36A180U,2 x 16GB | DDR4-3600 | DIMM,15900
CFD Selection W4N2666CM-16GR,2 x 16GB | DDR4-2666 | S.O.DIMM | 2021-01-01発売,14278
Crucial Ballistix BL2K16G36C16U4B,2 x 16GB | DDR4-3600 | DIMM | 2020-03-27発売,22060
CFD W4N2666PS-8G,2 x 8GB | DDR4-2666 | S.O.DIMM | 2017-10-01発売,7458
CFD Selection D4N2400CM-4G,1 x 4GB | DDR4-2400 | S.O.DIMM | 2016-09-01発売,2490
Corsair CMW16GX4M2C3200C16W,2 x 8GB | DDR4-2133(DDR4-3200) | DIMM,10681
CFD W4U2666PS-16GC19,2 x 16GB | DDR4-2666 | DIMM | 2018-09-01発売,13288
Corsair CMW16GX4M2C3200C16,2 x 8GB | DDR4-2133(DDR4-3200) | DIMM,9977
G.Skill F4-2666C19D-16GNT,2 x 8GB | DDR4-2666 | DIMM,7216
Crucial CT16G4DFD832A,1 x 16GB | DDR4-3200 | DIMM,7427
Corsair CMK32GX4M2D3600C18,2 x 16GB | DDR4-2133(DDR4-3600) | DIMM,16770
Apacer DV.08G2K.KAM,1 x 8GB | DDR3-1600 | S.O.DIMM,2980
Crucial CT32G4DFD8266,1 x 32GB | DDR4-2666 | DIMM | 2019-11-01発売,14380
CFD D4N2666PS-8G,1 x 8GB | DDR4-2666 | S.O.DIMM,3498
CFD W4N2400PS-8G,2 x 8GB | DDR4-2400 | S.O.DIMM | 2018-03-01発売,7755
G.Skill F4-3600C18D-32GSXAS,2 x 16GB | DDR4-2133(DDR4-3600) | DIMM | 2020-10-09発売,16980
ESSENCORE KLEVV KD48GU880-36A180C,2 x 8GB | DDR4-3600 | DIMM,9579
トランセンド JetRam JM2666HLB-8G,1 x 8GB | DDR4-2666 | DIMM,3810
Crucial CT2K32G4SFD8266,2 x 32GB | DDR4-2666 | S.O.DIMM | 2019-11-01発売,28578
CFD Selection D4N3200CM-16GR,1 x 16GB | DDR4-3200 | S.O.DIMM | 2021-01-01発売,8270
アユート セレクトメモリー AU-2XM378A2K43CB1-CTD,2 x 16GB | DDR4-2666 | DIMM,12980
CFD D4U2666PS-16GC19,1 x 16GB | DDR4-2666 | DIMM | 2018-09-01発売,7205
G.Skill F4-3200C16D-16GTZRX,2 x 8GB | DDR4-3200 | DIMM,11979
ADATA AD4U2666732G19-D,2 x 32GB | DDR4-2666 | DIMM,24650
RAMMAX RM-SD1066-D8GB,2 x 4GB | DDR3-1066 | S.O.DIMM,3310
CFD Selection W4U2666CM-16GR,2 x 16GB | DDR4-2666 | DIMM | 2021-01-01発売,13585
Crucial CT32G4SFD832A,1 x 32GB | DDR4-3200 | S.O.DIMM,15250
Crucial Ballistix BL2K16G36C16U4R,2 x 16GB | DDR4-3600 | DIMM | 2020-03-27発売,19185
CFD D4U2400PS-8GC17,1 x 8GB | DDR4-2400 | DIMM | 2018-07-01発売,3530
CFD W4U2666CX1-16G,2 x 16GB | DDR4-2666 | DIMM | 2019-10-01発売,11410
Crucial CT2K32G4DFD832A,2 x 32GB | DDR4-3200 | DIMM,35475
umax UM-DDR4S-3200-8GB,1 x 8GB | DDR4-3200 | DIMM,3545
CFD W4U2666CX1-16G,2 x 16GB | DDR4-2666 | DIMM | 2019-10-01発売,11410
キングストン KVR32S22S8/8,1 x 8GB | DDR4-3200 | S.O.DIMM,4845
CFD Selection W4N2400CM-8G,2 x 8GB | DDR4-2400 | S.O.DIMM | 2016-09-01発売,7680
Crucial CT2K16G4SFD8266,2 x 16GB | DDR4-2666 | S.O.DIMM,14246
CFD Selection W4N2666CM-8GR,2 x 8GB | DDR4-2666 | S.O.DIMM | 2021-01-01発売,7770
Crucial Ballistix BL2K8G32C16U4B,2 x 8GB | DDR4-3200 | DIMM,9980
Corsair CMH32GX4M2D3600C18W,2 x 16GB | DDR4-3600 | DIMM,21679
umax UM-SODDR4S-2400-8G,1 x 8GB | DDR4-2400 | S.O.DIMM,3264
CFD W4N2400PS-4G,2 x 4GB | DDR4-2400 | S.O.DIMM | 2018-03-01発売,4118
キングストン HX426C16FB3K2/16,2 x 8GB | DDR4-2666 | DIMM,9458
CFD W4U3600HX1-8G,2 x 8GB | DDR4-3600 | DIMM | 2019-10-01発売,8778
CFD Selection W4U3200CM-32G,2 x 32GB | DDR4-3200 | DIMM,30094
CFD D4U2666PS-4GC19,1 x 4GB | DDR4-2666 | DIMM | 2018-06-01発売,2145
Corsair CMK64GX4M2D3600C18,2 x 32GB | DDR4-2133(DDR4-3600) | DIMM | 2019-10-31発売,36939
G.Skill F4-3600C16D-32GTZN,2 x 16GB | DDR4-2133(DDR4-3600) | DIMM,33165
ESSENCORE KLEVV KD44GU481-26N1900,1 x 4GB | DDR4-2666 | DIMM,2250
エレコム EW2133-N8G/RO,1 x 8GB | DDR4-2133 | S.O.DIMM | 2016-03-01発売,7600
Crucial CT16G4SFD832A,1 x 16GB | DDR4-3200 | S.O.DIMM,7546
CFD W4U2400PS-8GC17,2 x 8GB | DDR4-2400 | DIMM,7430
Crucial Ballistix BL2K16G32C16U4W,2 x 16GB | DDR4-3200 | DIMM | 2020-03-27発売,18755
CFD W4U2400PS-8GC17,2 x 8GB | DDR4-2400 | DIMM,7430
Crucial Ballistix BL2K16G32C16U4W,2 x 16GB | DDR4-3200 | DIMM | 2020-03-27発売,18755
Crucial CT8G4DFS8266,1 x 8GB | DDR4-2666 | DIMM | 2017-06-01発売,3498
RAMMAX RM-SD1600-8GBL,1 x 8GB | DDR3L-1600 | S.O.DIMM,3310
G.Skill F4-3200C22D-32GRS,2 x 16GB | DDR4-3200 | S.O.DIMM,16990
RAMMAX RM-LD2400-8GB,1 x 8GB | DDR4-2400 | DIMM,3310
umax UM-DDR4D-2400-16GBHS,2 x 8GB | DDR4-2400 | DIMM,6670
キングストン KVR32S22D8/16,1 x 16GB | DDR4-3200 | S.O.DIMM,8953
トランセンド JM2666HLE-32G,1 x 32GB | DDR4-2666 | DIMM,12980
Crucial Ballistix BL2K16G36C16U4BL,2 x 16GB | DDR4-3600 | DIMM | 2020-03-27発売,25340
Corsair CMW32GX4M2Z3600C18,2 x 16GB | DDR4-2666(DDR4-3600) | DIMM,20800
Crucial Ballistix BL2K32G32C16U4WL,2 x 32GB | DDR4-3200 | DIMM | 2020-03-27発売,41130
IODATA SDZ2133-8GR/ST,1 x 8GB | DDR4-2133 | S.O.DIMM | 2019-05-01発売,6150
キングストン HX429C15PB3AK2/16,2 x 8GB | DDR4-2933 | DIMM,13800
CFD Selection D4N2400CM-16G,1 x 16GB | DDR4-2400 | S.O.DIMM | 2016-09-01発売,7980
バッファロー MV-D4N2400-B8G,1 x 8GB | DDR4-2400 | S.O.DIMM | 2016-10-24発売,4431
ADATA AD4U3200716G22-D,2 x 16GB | DDR4-3200 | DIMM,14201
サムスン M378A2K43DB1-CVF,1 x 16GB | DDR4-2933 | DIMM,8480
CFD Selection W4U2666CM-8G,2 x 8GB | DDR4-2666 | DIMM,7073
G.Skill F4-3600C18D-64GTZN,2 x 32GB | DDR4-2666(DDR4-3600) | DIMM,41333
CFD Selection W4U2666CM-16G,2 x 16GB | DDR4-2666 | DIMM,14479
G.Skill F4-3600C18D-16GSXAS,2 x 8GB | DDR4-2133(DDR4-3600) | DIMM | 2020-10-09発売,8789
Crucial CT2K32G4SFD832A,2 x 32GB | DDR4-3200 | S.O.DIMM,33770
Apacer DV.04G2K.KAM,1 x 4GB | DDR3-1600 | S.O.DIMM,1650
トランセンド TS2666HLB-8G,1 x 8GB | DDR4-2666 | DIMM,3810
サムスン M378A2K43DB1-CVF,1 x 16GB | DDR4-2933 | DIMM,8480
CFD Selection W4U2666CM-8G,2 x 8GB | DDR4-2666 | DIMM,7073
Crucial Ballistix MAX BLM2K16G40C18U4B,2 x 16GB | DDR4-4000 | DIMM | 2020-03-27発売,42856
umax UM-DDR4D-2666-32GBHS,2 x 16GB | DDR4-2666 | DIMM,11980
umax UM-DDR4S-2666-8GB,1 x 8GB | DDR4-2666 | DIMM,4433
Corsair CMW16GX4M2A2666C16W,2 x 8GB | DDR4-2133(DDR4-2666) | DIMM,10000
ESSENCORE KLEVV KD48GU88C-26N1900,1 x 8GB | DDR4-2666 | DIMM,3890
RAMMAX RM-SD1600-D8GB,2 x 4GB | DDR3-1600 | S.O.DIMM,3310
G.Skill F3-1600C11S-4GSL,1 x 4GB | DDR3L-1600 | S.O.DIMM,2080
umax UM-SODDR4S-2666-16G,1 x 16GB | DDR4-2666 | S.O.DIMM,6389
Silicon Power SP008GLSTU160N22,2 x 4GB | DDR3L-1600 | S.O.DIMM,4380
Team TED416G2666C19DC-S01,2 x 8GB | DDR4-2666 | S.O.DIMM,6798
Crucial CT2K16G4DFS832A,2 x 16GB | DDR4-3200 | DIMM | 2020-07-17発売,14853
G.Skill F4-2666C18D-64GVK,2 x 32GB | DDR4-2666 | DIMM,27990
Crucial Ballistix BL2K8G32C16U4WL,2 x 8GB | DDR4-3200 | DIMM | 2020-03-27発売,10279
G.Skill F4-2666C18D-64GVK,2 x 32GB | DDR4-2666 | DIMM,27990
Crucial Ballistix BL2K8G32C16U4WL,2 x 8GB | DDR4-3200 | DIMM | 2020-03-27発売,10279
Crucial CT16G4SFD8266,1 x 16GB | DDR4-2666 | S.O.DIMM,6970
Crucial CT8G4DFS832A,1 x 8GB | DDR4-3200 | DIMM,3980
G.Skill F4-3200C16D-16GTRG,2 x 8GB | DDR4-3200 | DIMM | 2018-12-01発売,14278
バッファロー MV-D4N2400-S4G,1 x 4GB | DDR4-2400 | S.O.DIMM | 2016-10-24発売,2670
CFD Selection D4N3200CM-4G,1 x 4GB | DDR4-3200 | S.O.DIMM | 2019-05-01発売,2426
ギガバイト AORUS GP-ARS16G44,2 x 8GB | DDR4-2666(DDR4-4400) | DIMM | 2020-09-04発売,18980
Corsair CMK128GX4M4E3200C16,4 x 32GB | DDR4-3200 | DIMM,74696
Crucial Ballistix BL2K32G32C16U4R,2 x 32GB | DDR4-3200 | DIMM | 2020-03-27発売,35237
Crucial CT32G4SFD8266,1 x 32GB | DDR4-2666 | S.O.DIMM | 2019-11-01発売,14380
ADATA AD4U266638G19-D,2 x 8GB | DDR4-2666 | DIMM,5855
Crucial CT16G4DFD8266,1 x 16GB | DDR4-2666 | DIMM,7980
G.Skill F4-3600C19D-16GVRB,2 x 8GB | DDR4-2133(DDR4-3600) | DIMM,12640
umax UM-SODDR4S-2666-4G,1 x 4GB | DDR4-2666 | S.O.DIMM,1989
キングストン KSM26SED8/16HD,1 x 16GB | DDR4-2666 | S.O.DIMM,11948
Corsair CMT32GX4M4C3600C18,4 x 8GB | DDR4-3600 | DIMM | 2019-03-01発売,35706
エレコム EW2400-N4G/RO,1 x 4GB | DDR4-2400 | S.O.DIMM | 2017-02-01発売,3391
Crucial Ballistix BL2K16G32C16U4WL,2 x 16GB | DDR4-3200 | DIMM | 2020-03-27発売,20663
RAMMAX RM-SD2400-D16GB,2 x 8GB | DDR4-2400 | S.O.DIMM,6210
CFD Selection W4N3200CM-8G,2 x 8GB | DDR4-3200 | S.O.DIMM | 2019-05-01発売,7975
RAMMAX RM-SD1333-D8GB,2 x 4GB | DDR3-1333 | S.O.DIMM,3810
umax UM-SODDR4S-2400-4G,1 x 4GB | DDR4-2400 | S.O.DIMM,1989
Crucial Ballistix BL2K16G36C16U4WL,2 x 16GB | DDR4-3600 | DIMM | 2020-03-27発売,24730
umax UM-DDR4D-2666-8GBHS,2 x 4GB | DDR4-2666 | DIMM,4330
Corsair CMK128GX4M4E3200C16,4 x 32GB | DDR4-3200 | DIMM,74696
Crucial CT32G4SFD8266,1 x 32GB | DDR4-2666 | S.O.DIMM | 2019-11-01発売,14380
Crucial Ballistix BL2K32G32C16U4R,2 x 32GB | DDR4-3200 | DIMM | 2020-03-27発売,35237
G.Skill F4-3200C16D-16GIS,2 x 8GB | DDR4-2133(DDR4-3200) | DIMM,7128
キングストン HX426C16FB3AK4/32,4 x 8GB | DDR4-2666 | DIMM,19828
Team TED432G2666C19DC-S01,2 x 16GB | DDR4-2666 | S.O.DIMM,12899
センチュリーマイクロ CK32GX4-D4UE3200,4 x 32GB | DDR4-3200 | DIMM | 2020-01-01発売,95144
キングストン HX432C16FB3K2/32,2 x 16GB | DDR4-3200 | DIMM,19800
umax UM-DDR3D-1600-16GBHS,2 x 8GB | DDR3-1600 | DIMM,7524
CFD Selection W4N2400CM-16G,2 x 16GB | DDR4-2400 | S.O.DIMM | 2016-09-01発売,14278
キングストン KVR32N22S6/4,1 x 4GB | DDR4-3200 | DIMM,2805
ADATA AD4S2666732G19-RGN,1 x 32GB | DDR4-2666 | S.O.DIMM,13970
Crucial Ballistix MAX BLM2K16G40C18U4BL,2 x 16GB | DDR4-4000 | DIMM | 2020-03-27発売,50436
G.Skill F4-3600C16D-16GTZNC,2 x 8GB | DDR4-2133(DDR4-3600) | DIMM,15970
Crucial Ballistix MAX BLM2K8G40C18U4B,2 x 8GB | DDR4-4000 | DIMM | 2020-03-27発売,21614
G.Skill F4-3600C18D-32GTZN,2 x 16GB | DDR4-3600 | DIMM,25990
Crucial Ballistix BL2K8G32C16U4R,2 x 8GB | DDR4-3200 | DIMM | 2020-03-27発売,9214
トランセンド TS1GSH64V4B,1 x 8GB | DDR4-2400 | S.O.DIMM | 2016-05-01発売,5980
Crucial Ballistix BL2K32G32C16U4W,2 x 32GB | DDR4-3200 | DIMM | 2020-03-27発売,35555
アユート セレクトメモリー AU-2XM378A2G43AB3-CWE,2 x 16GB | DDR4-3200 | DIMM,18678
IODATA SDZ2400-8G/ST,1 x 8GB | DDR4-2400 | S.O.DIMM | 2018-11-01発売,4475
Corsair CMK32GX4M2Z3600C18,2 x 16GB | DDR4-2666(DDR4-3600) | DIMM,19333
CFD Selection D4N2666CM-8G,1 x 8GB | DDR4-2666 | S.O.DIMM | 2017-09-01発売,4189
G.Skill F4-3200C16D-16GTZR,2 x 8GB | DDR4-2133(DDR4-3200) | DIMM,11979
CFD W4N2666PS-16G,2 x 16GB | DDR4-2666 | S.O.DIMM,14440
Corsair CMK64GX4M4A2666C16,4 x 16GB | DDR4-2666 | DIMM,30785
Corsair CMR16GX4M2C3000C16,2 x 8GB | DDR4-3000 | DIMM,7981
Crucial CT102464BD160B,1 x 8GB | DDR3L-1600 | DIMM,5032
RAMMAX RM-LD2400-D16GB,2 x 8GB | DDR4-2400 | DIMM,6510
Crucial CT8G4SFS824A,1 x 8GB | DDR4-2400 | S.O.DIMM,3828
トランセンド JM3200HSE-32G,1 x 32GB | DDR4-3200 | S.O.DIMM,17980
トランセンド TS2666HSH-4G,1 x 4GB | DDR4-2666 | S.O.DIMM,2530
キングストン HX429S17IB2/8,1 x 8GB | DDR4-2933 | S.O.DIMM,5395
Corsair CMW64GX4M2D3000C16,2 x 32GB | DDR4-2133(DDR4-3000) | DIMM,32260
Corsair CMT64GX4M4C3200C16W,4 x 16GB | DDR4-2133(DDR4-3200) | DIMM | 2020-06-03発売,44579
CFD Selection W4U3200CM-4G,2 x 4GB | DDR4-3200 | DIMM | 2019-05-01発売,4827
Crucial CT2K8G4SFS824A,2 x 8GB | DDR4-2400 | S.O.DIMM,7458
ESSENCORE KLEVV KD4AGU880-36A180C,2 x 16GB | DDR4-3600 | DIMM,17480
キングストン KVR26S19S6/4,1 x 4GB | DDR4-2666 | S.O.DIMM,2970
Crucial CT4G4SFS8266,1 x 4GB | DDR4-2666 | S.O.DIMM,2375
Corsair CMT32GX4M4Z3200C16W,4 x 8GB | DDR4-2666(DDR4-3200) | DIMM | 2020-06-03発売,30852
センチュリーマイクロ CK16GX2-D4UE3200,2 x 16GB | DDR4-3200 | DIMM | 2019-08-01発売,27816
Crucial CT2K8G4SFS8266,2 x 8GB | DDR4-2666 | S.O.DIMM,7568
Crucial Ballistix BL2K16G26C16U4B,2 x 16GB | DDR4-2666 | DIMM | 2020-03-27発売,17459
CFD Selection W4U2400CM-8G,2 x 8GB | DDR4-2400 | DIMM | 2016-09-01発売,7800
Crucial Ballistix BL2K8G36C16U4WL,2 x 8GB | DDR4-3600 | DIMM | 2020-03-27発売,12581
Corsair CMK16GX4M2C3600C20,2 x 8GB | DDR4-3600 | DIMM,10280
ESSENCORE KLEVV KD4AGU880-32A160X,2 x 16GB | DDR4-3200 | DIMM,13752
CFD Selection W4N3200CM-4G,2 x 4GB | DDR4-3200 | S.O.DIMM | 2019-05-01発売,4730
G.Skill F4-3200C22D-64GRS,2 x 32GB | DDR4-3200 | S.O.DIMM,30980
Crucial Ballistix BL2K32G32C16U4BL,2 x 32GB | DDR4-3200 | DIMM | 2020-03-27発売,45903
Crucial Ballistix BL2K16G36C16U4W,2 x 16GB | DDR4-3600 | DIMM | 2020-03-27発売,22060
Crucial Ballistix BL2K8G36C16U4R,2 x 8GB | DDR4-3600 | DIMM | 2020-03-27発売,9746
Team TED416G3200C22DC01,2 x 8GB | DDR4-3200 | DIMM | 2019-10-25発売,9380
Crucial Ballistix BL2K8G36C16U4BL,2 x 8GB | DDR4-3600 | DIMM | 2020-03-27発売,12581
CFD Selection W4U2400CM-8G,2 x 8GB | DDR4-2400 | DIMM | 2016-09-01発売,7800
Crucial Ballistix BL2K8G36C16U4WL,2 x 8GB | DDR4-3600 | DIMM | 2020-03-27発売,12581
Corsair CMK16GX4M2C3600C20,2 x 8GB | DDR4-3600 | DIMM,10280
Crucial CT2K16G4SFD832A,2 x 16GB | DDR4-3200 | S.O.DIMM,15267
G.Skill F4-3600C16Q-128GTZN,4 x 32GB | DDR4-2666(DDR4-3600) | DIMM,100700
umax UM-DDR4S-2666-16GB,1 x 16GB | DDR4-2666 | DIMM,6389
ESSENCORE KLEVV KD48GU880-32A160U,2 x 8GB | DDR4-3200 | DIMM,8480
Corsair CMK16GX4M2K4000C19,2 x 8GB | DDR4-4000 | DIMM,17580
CFD W4U4133HX1-8G,2 x 8GB | DDR4-4133 | DIMM | 2019-10-01発売,12030
GALAXY GALAX HOF4CJL4BST4000M19SF162CL,2 x 8GB | DDR4-4000 | DIMM | 2019-08-24発売,13178
umax UM-DDR4S-2666-4GB,1 x 4GB | DDR4-2666 | DIMM,1989
Crucial CT2K32G4DFD8266,2 x 32GB | DDR4-2666 | DIMM | 2019-11-01発売,28900
Antec AM4U36188G11-7DKR,2 x 8GB | DDR4-3600 | DIMM | 2020-05-30発売,12980
ESSENCORE KLEVV KD4AGU88C-26N1900,1 x 16GB | DDR4-2666 | DIMM,7281
Corsair CMK32GX4M2B3200C16,2 x 16GB | DDR4-3200 | DIMM,15480
Crucial Ballistix BL2K8G32C16U4W,2 x 8GB | DDR4-3200 | DIMM | 2020-03-27発売,10208
キングストン KVR26N19S8/8,1 x 8GB | DDR4-2666 | DIMM,4922
エレコム EW2666-8G/RO,1 x 8GB | DDR4-2666 | DIMM,6590
トランセンド JM2666HSG-8G,1 x 8GB | DDR4-2666 | S.O.DIMM,3775
エレコム EW2133-N4G/RO,1 x 4GB | DDR4-2133 | S.O.DIMM | 2016-03-01発売,3569
Corsair CMT32GX4M2C3200C16W,2 x 16GB | DDR4-2133(DDR4-3200) | DIMM | 2020-06-07発売,21600
Corsair CMT16GX4M2Z3200C16W,2 x 8GB | DDR4-2666(DDR4-3200) | DIMM | 2020-06-03発売,14828
RAMMAX RM-LD1333-D16GB,2 x 8GB | DDR3-1333 | DIMM,6510
G.Skill F4-3600C16D-16GTZN,2 x 8GB | DDR4-3600 | DIMM,17980
Silicon Power SP004GBLTU133N02,1 x 4GB | DDR3-1333 | DIMM,2495
サムスン M378A2G43AB3-CWE,1 x 16GB | DDR4-3200 | DIMM,8780
G.Skill F4-3600C19Q-64GSXWB,4 x 16GB | DDR4-3600 | DIMM,47993
G.Skill F4-3600C16Q-128GTZN,4 x 32GB | DDR4-2666(DDR4-3600) | DIMM,100700
umax UM-DDR4S-2666-16GB,1 x 16GB | DDR4-2666 | DIMM,6389
Antec AM4U36188G11-7DKR,2 x 8GB | DDR4-3600 | DIMM | 2020-05-30発売,12980
Crucial CT2K32G4DFD8266,2 x 32GB | DDR4-2666 | DIMM | 2019-11-01発売,28900
ESSENCORE KLEVV KD4AGU88C-26N1900,1 x 16GB | DDR4-2666 | DIMM,7281
ESSENCORE KLEVV KD48GU880-32A160U,2 x 8GB | DDR4-3200 | DIMM,8480
Corsair CMK16GX4M2K4000C19,2 x 8GB | DDR4-4000 | DIMM,17580
CFD W4U4133HX1-8G,2 x 8GB | DDR4-4133 | DIMM | 2019-10-01発売,12030
GALAXY GALAX HOF4CJL4BST4000M19SF162CL,2 x 8GB | DDR4-4000 | DIMM | 2019-08-24発売,13178
umax UM-DDR4S-2666-4GB,1 x 4GB | DDR4-2666 | DIMM,1989
キングストン KSM29ED8/32ME,1 x 32GB | DDR4-2933 | DIMM | 2020-10-26発売,21800
キングストン HX442C19PB3K2/16,2 x 8GB | DDR4-4266 | DIMM,22730
Corsair CMK16GX4M2Z3600C18,2 x 8GB | DDR4-3600 | DIMM,11160
Crucial BLS2K16G4S26BFSD,2 x 16GB | DDR4-2666 | S.O.DIMM,13870
Corsair CMK32GX4M4A2666C16W,4 x 8GB | DDR4-2666 | DIMM,16805
ADATA AD4U2666J4G19-D,2 x 4GB | DDR4-2666 | DIMM,3570
CFD Selection W4N2400CM-4G,2 x 4GB | DDR4-2400 | S.O.DIMM | 2016-09-01発売,4312
Corsair CMSO16GX4M1A2133C15,1 x 16GB | DDR4-2133 | S.O.DIMM,9208
Crucial CT2K16G4DFD824A,2 x 16GB | DDR4-2400 | DIMM,15479
アユート セレクトメモリー AU-M471A2K43DB1-CWE,1 x 16GB | DDR4-3200 | S.O.DIMM,8900
G.Skill F4-3600C16D-32GTRSC,2 x 16GB | DDR4-2133(DDR4-3600) | DIMM,29980
Crucial CT2KIT102464BF160B,2 x 8GB | DDR3L-1600 | S.O.DIMM,9980
トランセンド TS512MSH64V4H,1 x 4GB | DDR4-2400 | S.O.DIMM | 2016-05-01発売,2980
ADATA AD4U320038G22-D,2 x 8GB | DDR4-3200 | DIMM,6382
Corsair CMH32GX4M4E3200C16W,4 x 8GB | DDR4-3200 | DIMM,26736
キングストン KVR32S22S8/16,1 x 16GB | DDR4-3200 | S.O.DIMM,10264
Corsair CMW16GX4M2D3600C18W,2 x 8GB | DDR4-3600 | DIMM,13300
G.Skill F4-3600C16Q-32GTZNC,4 x 8GB | DDR4-2133(DDR4-3600) | DIMM,36200
トランセンド JM3200HSE-16G,1 x 16GB | DDR4-3200 | S.O.DIMM,9480
RAMMAX RM-LD1333-D4GB,2 x 2GB | DDR3-1333 | DIMM,2010
Corsair CMSO8GX4M1A2133C15,1 x 8GB | DDR4-2133 | S.O.DIMM,4950
Corsair CMSX16GX4M2A2400C16,2 x 8GB | DDR4-2400 | S.O.DIMM,8455
Corsair CMSX32GX4M2A3200C22,2 x 16GB | DDR4-3200 | S.O.DIMM,19965
RAMMAX RM-LD800-D4GB,2 x 2GB | DDR2-800 | DIMM,2010
Crucial Ballistix BL2K8G36C16U4W,2 x 8GB | DDR4-3600 | DIMM | 2020-03-27発売,11030
G.Skill F4-3600C18D-64GVK,2 x 32GB | DDR4-2666(DDR4-3600) | DIMM,37770
トランセンド TS1GLK64W6H,1 x 8GB | DDR3L-1600 | DIMM,5860
Corsair CMT16GX4M2C3200C16W,2 x 8GB | DDR4-2133(DDR4-3200) | DIMM,14755
キングストン HX424C15FB3K2/16,2 x 8GB | DDR4-2400 | DIMM,8885
Crucial CT32G4DFD832A,1 x 32GB | DDR4-3200 | DIMM,15928
IODATA DZ2400-4G/ST,1 x 4GB | DDR4-2400 | DIMM | 2018-11-01発売,2460
エレコム EW2666-N8G/RO,1 x 8GB | DDR4-2666 | S.O.DIMM,6796
G.Skill F4-3600C16D-32GTZRC,2 x 16GB | DDR4-3600 | DIMM,30000
Corsair CMT32GX4M2C3200C16,2 x 16GB | DDR4-3200 | DIMM | 2019-03-01発売,22680
G.Skill F4-3200C16D-32GTRG,2 x 16GB | DDR4-3200 | DIMM,22088
G.Skill F4-3200C16Q-32GTZN,4 x 8GB | DDR4-3200 | DIMM,32900
G.Skill F4-3600C16Q-128GVK,4 x 32GB | DDR4-2666(DDR4-3600) | DIMM,107100
G.Skill F4-3200C16D-32GIS,2 x 16GB | DDR4-2133(DDR4-3200) | DIMM,14080
Corsair CMW64GX4M2K4000C18,2 x 32GB | DDR4-4000 | DIMM,65380
G.Skill F4-3600C18Q-32GTZN,4 x 8GB | DDR4-2133(DDR4-3600) | DIMM,28980
umax UM-SODDR4S-2400-16G,1 x 16GB | DDR4-2400 | S.O.DIMM,6182
Corsair CMW64GX4M4Z2933C16,4 x 16GB | DDR4-2933 | DIMM,40410
CFD Selection W4N3200CM-16G,2 x 16GB | DDR4-3200 | S.O.DIMM | 2019-05-01発売,14619
G.Skill F4-3600C14D-32GTRS,2 x 16GB | DDR4-2666(DDR4-3600) | DIMM,36836
G.Skill F4-3200C16D-16GTRS,2 x 8GB | DDR4-2133(DDR4-3200) | DIMM | 2018-12-01発売,14278
キングストン HX432S20IB2/8,1 x 8GB | DDR4-3200 | S.O.DIMM,5659
Corsair CMW16GX4M2C3600C18W,2 x 8GB | DDR4-3600 | DIMM,13178
RAMMAX RM-SD1600-D16GBL,2 x 8GB | DDR3L-1600 | S.O.DIMM,6510
キングストン HX429S17IBK2/32,2 x 16GB | DDR4-2933 | S.O.DIMM,19765
G.Skill F4-3600C18Q-32GTRS,4 x 8GB | DDR4-3600 | DIMM,38300
トランセンド TS2GKR72V3H,1 x 16GB | DDR3-1333 | DIMM,17800
Corsair CMK64GX4M2D3000C16,2 x 32GB | DDR4-2133(DDR4-3000) | DIMM | 2019-08-01発売,37087
G.Skill F4-3200C16D-64GVK,2 x 32GB | DDR4-3200 | DIMM,33370
Crucial CT2KIT51264BF160B,2 x 4GB | DDR3L-1600 | S.O.DIMM,5478
キングストン HX436C17FB3AK2/32,2 x 16GB | DDR4-3600 | DIMM,22570
Crucial CT2K4G4DFS8266,2 x 4GB | DDR4-2666 | DIMM,4048
ADATA AD4S2666716G19-D,2 x 16GB | DDR4-2666 | S.O.DIMM,16430
Team TED432G2666C1901,1 x 32GB | DDR4-2666 | DIMM | 2019-10-25発売,16870
Crucial Ballistix BL2K16G36C16U4RL,2 x 16GB | DDR4-3600 | DIMM | 2020-03-27発売,22825
CFD D4U2400PS-16G,1 x 16GB | DDR4-2400 | DIMM,7280
Corsair CMH32GX4M2D3600C18,2 x 16GB | DDR4-3600 | DIMM,22537
G.Skill F4-3600C16D-16GTZRC,2 x 8GB | DDR4-3600 | DIMM,17400
Team TED464G2666C19DC01,2 x 32GB | DDR4-2666 | DIMM | 2019-10-25発売,30999
ESSENCORE KLEVV KD48GU880-32A160W,1 x 8GB | DDR4-3200 | DIMM,5280
Crucial CT4G4SFS824A,1 x 4GB | DDR4-2400 | S.O.DIMM,2178
G.Skill F4-3600C16Q-128GTRS,4 x 32GB | DDR4-2666(DDR4-3600) | DIMM,120300
エレコム EW2400-4G/RO,1 x 4GB | DDR4-2400 | DIMM | 2017-02-01発売,3408
Adtec ADS2133D-X4G,1 x 4GB | DDR4-2133 | DIMM | 2018-06-01発売,2979
RAMMAX RM-SD800-D4GB,2 x 2GB | DDR2-800 | S.O.DIMM,2010
アユート セレクトメモリー AU-2XM378A1G44AB0-CWE,2 x 8GB | DDR4-3200 | DIMM,9438
Crucial Ballistix BL2K8G32C16S4B,2 x 8GB | DDR4-3200 | S.O.DIMM,9980
G.Skill F4-2400C16S-16GRS,1 x 16GB | DDR4-2400 | S.O.DIMM,7090
G.Skill F4-3600C18Q-64GTZN,4 x 16GB | DDR4-3600 | DIMM,51688
Corsair CMT32GX4M2Z3600C18,2 x 16GB | DDR4-3600 | DIMM | 2020-06-01発売,31770
Adtec ADS2933D-16GW,2 x 16GB | DDR4-2933 | DIMM | 2020-08-01発売,25442
Crucial Ballistix MAX BLM2K8G44C19U4B,2 x 8GB | DDR4-4400 | DIMM | 2020-03-27発売,25900
センチュリーマイクロ CK16GX2-D4UE2666,2 x 16GB | DDR4-2666 | DIMM,27816
キングストン HX424C15FB3K4/32,4 x 8GB | DDR4-2400 | DIMM,17405
G.Skill F4-3600C18D-16GTZN,2 x 8GB | DDR4-2133(DDR4-3600) | DIMM,16060
G.Skill F4-3600C14D-32GTZR,2 x 16GB | DDR4-2666(DDR4-3600) | DIMM,34112
アユート セレクトメモリー AU-2XM471A4G43AB1-CWE,2 x 32GB | DDR4-3200 | S.O.DIMM | 2020-06-01発売,36278
Corsair CMK16GX4M2Z4000C18,2 x 8GB | DDR4-4000 | DIMM,19010
Corsair CMK16GX4M2Z3200C16,2 x 8GB | DDR4-3200 | DIMM,9650
G.Skill F4-3200C16D-16GSXWB,2 x 8GB | DDR4-3200 | DIMM | 2018-02-10発売,12773
Crucial CT16G4SFS8266,1 x 16GB | DDR4-2666 | S.O.DIMM,7018
GALAXY GALAX HOF4CRL4BST4000M19SF162CL,2 x 8GB | DDR4-4000 | DIMM | 2019-08-24発売,15378
Corsair CMW16GX4M2A2666C16,2 x 8GB | DDR4-2666 | DIMM,10980
Antec AM4U32168G11-7DKR,2 x 8GB | DDR4-3200 | DIMM | 2020-05-30発売,11802
Crucial Ballistix BL2K8G26C16U4B,2 x 8GB | DDR4-2666 | DIMM | 2020-03-27発売,9590
サムスン M378A1K43DB2-CVF,1 x 8GB | DDR4-2933 | DIMM,5080
キングストン KSM26RD4/32HDI,1 x 32GB | DDR4-2666 | DIMM,22920
トランセンド JM3200HLE-32G,1 x 32GB | DDR4-3200 | DIMM,17980
Adtec ADS2933D-16G,1 x 16GB | DDR4-2933 | DIMM | 2020-08-01発売,12898
Crucial Ballistix BL2K32G36C16U4BL,2 x 32GB | DDR4-3600 | DIMM | 2020-03-27発売,51800
Crucial Ballistix BL2K16G32C16U4RL,2 x 16GB | DDR4-3200 | DIMM | 2020-03-27発売,20597
トランセンド TS2666HLH-4G,1 x 4GB | DDR4-2666 | DIMM,2330
ADATA AD4S2666716G19-RGN,1 x 16GB | DDR4-2666 | S.O.DIMM,8280
G.Skill F4-2133C15D-16GRS,2 x 8GB | DDR4-2133 | S.O.DIMM,10185
umax UM-DDR4S-3000-8GB,1 x 8GB | DDR4-3000 | DIMM,3545
Corsair CMW32GX4M2Z2933C16,2 x 16GB | DDR4-2666(DDR4-2933) | DIMM,20860
Corsair CMT16GX4M2Z3200C16,2 x 8GB | DDR4-3200 | DIMM | 2019-03-01発売,14828
G.Skill F4-3600C16Q-32GTZRC,4 x 8GB | DDR4-3600 | DIMM,35000
IODATA SDY1600L-8G/EC,1 x 8GB | DDR3L-1600 | S.O.DIMM,6100
エレコム EW2400-N8G/RO,1 x 8GB | DDR4-2400 | S.O.DIMM | 2017-02-01発売,6000
トランセンド JM3200HSG-8G,1 x 8GB | DDR4-3200 | S.O.DIMM,5980
Corsair CMV4GX3M1A1600C11,1 x 4GB | DDR3-1600 | DIMM,2000
Corsair CMK64GX4M2C3000C15,2 x 32GB | DDR4-3000 | DIMM,38142
G.Skill F4-2133C15S-8GRS,1 x 8GB | DDR4-2133 | S.O.DIMM,5638
IODATA DZ2666-8G/ST,1 x 8GB | DDR4-2666 | DIMM | 2019-02-01発売,5197
Crucial CT8G4DFS824A,1 x 8GB | DDR4-2400 | DIMM,4380
umax UM-DDR4D-2400-8GBHS,2 x 4GB | DDR4-2400 | DIMM,4189
Crucial CT4G4DFS824A,1 x 4GB | DDR4-2400 | DIMM,2380
Corsair CMW32GX4M2C3200C16,2 x 16GB | DDR4-2133(DDR4-3200) | DIMM,17578
Crucial CT16G4SFD824A,1 x 16GB | DDR4-2400 | S.O.DIMM,7480
Corsair CMW16GX4M2C3600C18,2 x 8GB | DDR4-3600 | DIMM,13178
Corsair CMK16GX4M2D3200C16,2 x 8GB | DDR4-2133(DDR4-3200) | DIMM,8180
キングストン HX432C16PB3AK2/16,2 x 8GB | DDR4-3200 | DIMM,13238
RAMMAX RM-LD1333-8GB,1 x 8GB | DDR3-1333 | DIMM,3310
トランセンド TS2GLH64V4B,1 x 16GB | DDR4-2400 | DIMM,9980
G.Skill F4-2400C16S-8GRS,1 x 8GB | DDR4-2400 | S.O.DIMM,4390
G.Skill F4-3600C16D-16GTRSC,2 x 8GB | DDR4-3600 | DIMM,20300
キングストン HX432S20IBK2/32,2 x 16GB | DDR4-3200 | S.O.DIMM,21268
Adtec ADS2666D-HEV8G,1 x 8GB | DDR4-2666 | DIMM | 2018-11-01発売,10080
キングストン HX432S20IB/16,1 x 16GB | DDR4-3200 | S.O.DIMM,10794
キングストン KSM26RD4/32MEI,1 x 32GB | DDR4-2666 | DIMM,18980
キングストン HX429S17IB/16,1 x 16GB | DDR4-2933 | S.O.DIMM,9554
Crucial Ballistix BL2K8G32C16U4RL,2 x 8GB | DDR4-3200 | DIMM | 2020-03-27発売,11528
キングストン KSM32RD4/64MER,1 x 64GB | DDR4-3200 | DIMM,44120
Team TLZGD464G3200HC16CDC01,2 x 32GB | DDR4-3200 | DIMM,38300
RAMMAX RM-SD1600-D4GB,2 x 2GB | DDR3L-1600 | S.O.DIMM,2019
キングストン HX429S17IBK2/64,2 x 32GB | DDR4-2933 | S.O.DIMM,42240
Corsair CMK16GX4M2K4600C19,2 x 8GB | DDR4-4600 | DIMM,67810
Team TED416G2666C19DC01,2 x 8GB | DDR3-2666 | DIMM,8280
エレコム EW2666-4G/RO,1 x 4GB | DDR4-2666 | DIMM,3538
RAMMAX RM-SD1333-D16GB,2 x 8GB | DDR3-1333 | S.O.DIMM,6510
G.Skill F4-3200C14D-32GFX,2 x 16GB | DDR4-3200 | DIMM,28000
Corsair CMW32GX4M4C3200C16,4 x 8GB | DDR4-3200 | DIMM,27322
Corsair CMW128GX4M4X4000C18,4 x 32GB | DDR4-4000 | DIMM,167600
Corsair CMH32GX4M2Z3600C18,2 x 16GB | DDR4-3600 | DIMM,22792
Corsair CMH32GX4M4D3600C18,4 x 8GB | DDR4-3600 | DIMM,26164
キングストン HX424C15FB3AK2/16,2 x 8GB | DDR4-2400 | DIMM,10160
Crucial CT2K8G4SFS832A,2 x 8GB | DDR4-3200 | S.O.DIMM,8008
G.Skill F4-4400C17D-16GTZR,2 x 8GB | DDR4-2133(DDR4-4400) | DIMM,25400
RAMMAX RM-LD1600-8GB,1 x 8GB | DDR3-1600 | DIMM,3310
umax UM-DDR4S-2400-4GB,1 x 4GB | DDR4-2400 | DIMM,1872
エレコム EW2666-N4G/RO,1 x 4GB | DDR4-2666 | S.O.DIMM,3777
キングストン KSM26RS8/8MEI,1 x 8GB | DDR4-2666 | DIMM,7149
トランセンド JetRam JM2666HLB-16G,1 x 16GB | DDR4-2666 | DIMM,7190
umax UM-DDR4S-2400-16GB,1 x 16GB | DDR4-2400 | DIMM,6319
RAMMAX RM-SD1333-4GB,1 x 4GB | DDR3-1333 | S.O.DIMM,2010
キングストン HX436C18FB3AK2/64,2 x 32GB | DDR4-3600 | DIMM,37877
G.Skill F4-3200C16Q-32GTRS,4 x 8GB | DDR4-3200 | DIMM,36685
RAMMAX RM-LD667-D4GB,2 x 2GB | DDR2-667 | DIMM,2010
Crucial Ballistix BL2K16G32C16U4BL,2 x 16GB | DDR4-3200 | DIMM,21978
G.Skill F4-3600C18Q-128GTZN,4 x 32GB | DDR4-2666(DDR4-3600) | DIMM,93060
キングストン KVR26S19S8/8,1 x 8GB | DDR4-2666 | S.O.DIMM,4868
G.Skill F4-3600C17Q-32GTZ,4 x 8GB | DDR4-3600 | DIMM,27400
トランセンド TS1GLH72V6B,1 x 8GB | DDR4-2666 | DIMM,7980
G.Skill F4-3600C18D-16GTRG,2 x 8GB | DDR4-3600 | DIMM,18461
umax UM-DDR3S-1600-4GB,1 x 4GB | DDR3-1600 | DIMM,1919
RAMMAX RM-LD1066-4GB,1 x 4GB | DDR3-1066 | DIMM,2010
HP 7EH55AA#UUF,1 x 8GB | DDR4-2666 | DIMM | 2019-10-18発売,4378
G.Skill F4-4000C17D-16GVKB,2 x 8GB | DDR4-2133(DDR4-4000) | DIMM,15895
トランセンド TS512MLK64W6H,1 x 4GB | DDR3L-1600 | DIMM,2980
トランセンド JM3200HLG-8G,1 x 8GB | DDR4-3200 | DIMM,5980
Corsair CMK64GX4M2Z4000C18,2 x 32GB | DDR4-4000 | DIMM,61142
トランセンド TS2GSH64V4B,1 x 16GB | DDR4-2400 | S.O.DIMM,9980
G.Skill F4-2133C15D-32GFT,2 x 16GB | DDR4-2133 | DIMM,18800
Corsair CMK128GX4M4A2666C16,4 x 32GB | DDR4-2666 | DIMM,75840
CFD Selection W4U2400CM-16G,2 x 16GB | DDR4-2400 | DIMM | 2016-09-01発売,15579
RAMMAX RM-LD800-2GB,1 x 2GB | DDR2-800 | DIMM,1110
G.Skill F4-4000C18D-64GVK,2 x 32GB | DDR4-2666(DDR4-4000) | DIMM,53000
キングストン KSM26RS4/32MEI,1 x 32GB | DDR4-2666 | DIMM,22920
Adtec ADS2666D-R32GD,1 x 32GB | DDR4-2666 | DIMM | 2018-01-01発売,35780
G.Skill F4-2666C18S-16GRS,1 x 16GB | DDR4-2666 | S.O.DIMM,7670
Crucial CT102464BF160B,1 x 8GB | DDR3L-1600 | S.O.DIMM,4708
ADATA AD4S2666J4G19-R,1 x 4GB | DDR4-2666 | S.O.DIMM,2450
キングストン KSM32ES8/16ME,1 x 16GB | DDR4-3200 | DIMM,11290
センチュリーマイクロ CK32GX2-D4U3200,2 x 32GB | DDR4-3200 | DIMM | 2020-01-01発売,45705
CFD Selection W4U3200CM-8G,2 x 8GB | DDR4-3200 | DIMM | 2019-05-01発売,6890
Corsair CMSX32GX4M2A2666C18,2 x 16GB | DDR4-2666 | S.O.DIMM,16345
G.Skill F4-3600C16D-64GTZN,2 x 32GB | DDR4-2666(DDR4-3600) | DIMM,57200
G.Skill F4-2666C19S-8GRS,1 x 8GB | DDR4-2666 | S.O.DIMM,3978
Corsair CMK32GX4M4C3000C15,4 x 8GB | DDR4-3000 | DIMM,17692
G.Skill F4-2133C15S-8GNT,1 x 8GB | DDR4-2133 | DIMM,4455
キングストン KVR26N19S6/4,1 x 4GB | DDR4-2666 | DIMM,2970
Corsair CMK64GX4M4E3200C16,4 x 16GB | DDR4-3200 | DIMM,39079
RAMMAX RM-LD1600-D16GB,2 x 8GB | DDR3-1600 | DIMM,6510
アユート セレクトメモリー AU-2XM471A2K43DB1-CWE,2 x 16GB | DDR4-3200 | S.O.DIMM | 2020-06-01発売,17797
G.Skill F4-3600C18Q-128GVK,4 x 32GB | DDR4-3600 | DIMM,84095
V-Color VOC4133CL19D-16GBP2,2 x 8GB | DDR4-4133 | DIMM,12800
G.Skill F4-3800C16D-32GTZN,2 x 16GB | DDR4-2133(DDR4-3800) | DIMM,38400
G.Skill F4-4000C18Q-128GVK,4 x 32GB | DDR4-2133(DDR4-4000) | DIMM,106800
G.Skill F4-3600C18Q-32GTZR,4 x 8GB | DDR4-3600 | DIMM,32300
サムスン M471A1K43CB1-CTD,1 x 8GB | DDR4-2666 | S.O.DIMM,4980
Crucial Ballistix BLS16G4D32AESB,1 x 16GB | DDR4-3200 | DIMM,9180
Crucial CT4G4DFS8266,1 x 4GB | DDR4-2666 | DIMM,2450
CFD Selection W4U2666CM-32G,2 x 32GB | DDR4-2666 | DIMM | 2020-12-01発売,29100
キングストン KVR26N19D8/16,1 x 16GB | DDR4-2666 | DIMM,9504
バッファロー D4U2400-S4G,1 x 4GB | DDR4-2400 | DIMM | 2016-10-01発売,8842
キングストン HX432C16FB3K4/64,4 x 16GB | DDR4-3200 | DIMM,38000
キングストン KSM26ED8/16ME,1 x 16GB | DDR4-2666 | DIMM,12220
キングストン KVR26S19D8/32,1 x 32GB | DDR4-2666 | S.O.DIMM,14323
G.Skill F4-3200C16D-16GFX,2 x 8GB | DDR4-3200 | DIMM,11980
OCMEMORY OCM3200CL16Q-32GBND,4 x 8GB | DDR4-3200 | DIMM,19010
Crucial CT4K16G4DFD8266,4 x 16GB | DDR4-2666 | DIMM | 2017-06-01発売,33140
Adtec ADS2933D-E16GDBW,2 x 16GB | DDR4-2933 | DIMM | 2020-08-01発売,41544
キングストン KSM26LQ4/64HAI,1 x 64GB | DDR4-2666 | DIMM,61194
G.Skill F4-4000C18D-64GTZR,2 x 32GB | DDR4-2666(DDR4-4000) | DIMM,56900
G.Skill F4-3200C22D-16GRS,2 x 8GB | DDR4-3200 | S.O.DIMM,8670
G.Skill F4-3200C16Q-128GTZN,4 x 32GB | DDR4-2666(DDR4-3200) | DIMM,89870
Corsair CMSO8GX3M1C1333C9,1 x 8GB | DDR3L-1333 | S.O.DIMM,4840
G.Skill F4-3000C16D-16GVRB,2 x 8GB | DDR4-3000 | DIMM,8198
G.Skill F4-3600C18D-32GTRS,2 x 16GB | DDR4-3600 | DIMM,24472
G.Skill F4-3600C18Q-32GVK,4 x 8GB | DDR4-3600 | DIMM,25700
キングストン HX426C15FBK2/8,2 x 4GB | DDR4-2666 | DIMM,10634
キングストン KTH-PL424E/16G,1 x 16GB | DDR4-2400 | DIMM,11958
Corsair CMR64GX4M4A2666C16,4 x 16GB | DDR4-2133(DDR4-2666) | DIMM,24800
CFD Selection W3N1600CM-2G,2 x 2GB | DDR3L-1600 | S.O.DIMM | 2016-09-01発売,2999
Corsair CMK32GX4M2A2666C16W,2 x 16GB | DDR4-2666 | DIMM,19148
G.Skill F4-3600C19D-32GSXKB,2 x 16GB | DDR4-3600 | DIMM,23691
Adtec ADS2666D-HEV8GW,2 x 8GB | DDR4-2666 | DIMM | 2018-11-01発売,19595
Adtec ADM2933D-R32GDAW,2 x 32GB | DDR4-2933 | DIMM | 2020-01-01発売,79472
Adtec ADS2933D-H8G4,4 x 8GB | DDR4-2933 | DIMM | 2020-08-01発売,25442
Adtec ADS2933N-16GW,2 x 16GB | DDR4-2933 | S.O.DIMM | 2020-08-01発売,25442
トランセンド JM3200HSB-8G,1 x 8GB | DDR4-3200 | S.O.DIMM,5780
Adtec ADS2933D-E8GSBW,2 x 8GB | DDR4-2933 | DIMM | 2020-08-01発売,23709
G.Skill F4-3600C14D-16GTZNB,2 x 8GB | DDR4-3600 | DIMM,24145
G.Skill F4-3600C18D-32GVK,2 x 16GB | DDR4-3600 | DIMM,22000
キングストン HX432C16FB3AK4/32,4 x 8GB | DDR4-3200 | DIMM,22944
umax UM-DDR3D-1600-8GBHS,2 x 4GB | DDR3-1600 | DIMM,4209
Patriot Memory PSP432G2666KH1,2 x 16GB | DDR4-2666 | DIMM,15800
Corsair CMSX32GX4M4X4000C19,4 x 8GB | DDR4-4000 | S.O.DIMM | 2018-03-16発売,48100
Corsair CMK32GX4M4A2666C16B,4 x 8GB | DDR4-2666 | DIMM,19817
Corsair CMK32GX4M2A2133C13,2 x 16GB | DDR4-2133 | DIMM,16740
プリンストン PDD4/2666-8G,1 x 8GB | DDR4-2666 | DIMM | 2017-12-15発売,8923
Adtec ADS2666D-R16GD,1 x 16GB | DDR4-2666 | DIMM | 2018-01-01発売,19060
Crucial Ballistix BL2K16G32C16U4R,2 x 16GB | DDR4-3200 | DIMM | 2020-03-27発売,18755
Adtec ADM2933D-R32GDA4,4 x 32GB | DDR4-2933 | DIMM | 2020-01-01発売,158820
Adtec ADM2933D-R16GSAW,2 x 16GB | DDR4-2933 | DIMM | 2020-01-01発売,41263
G.Skill F4-3200C16Q-128GTRG,4 x 32GB | DDR4-3200 | DIMM,95645
G.Skill F4-3600C19Q-32GSXKB,4 x 8GB | DDR4-3600 | DIMM,25698
Adtec ADS2933D-E16GDBW,2 x 16GB | DDR4-2933 | DIMM | 2020-08-01発売,41544
アユート セレクトメモリー AU-2XM378A4G43MB1-CTD,2 x 32GB | DDR4-2666 | DIMM,32800
Adtec ADS2933D-32G,1 x 32GB | DDR4-2933 | DIMM | 2020-08-01発売,26906
Crucial Ballistix BLS2K8G4D32AESBK,2 x 8GB | DDR4-3200 | DIMM,9081
G.Skill F4-2133C15D-16GFX,2 x 8GB | DDR4-2133 | DIMM,9680
G.Skill F4-3200C16Q-128GVK,4 x 32GB | DDR4-2666(DDR4-3200) | DIMM,62872
キングストン HX432C16FB3K2/16,2 x 8GB | DDR4-3200 | DIMM,11690
Corsair CMK8GX4M1A2400C16R,1 x 8GB | DDR4-2400 | DIMM,5555
Corsair CMH16GX4M2D3600C18W,2 x 8GB | DDR4-3600 | DIMM,13284
Corsair CMH16GX4M2E3200C16W,2 x 8GB | DDR4-3200 | DIMM,13400
Corsair CMH16GX4M2E3200C16,2 x 8GB | DDR4-3200 | DIMM,13435
Corsair CMH32GX4M2Z3200C16,2 x 16GB | DDR4-3200 | DIMM,22505
IODATA SDZ2666-8G/ST,1 x 8GB | DDR4-2666 | S.O.DIMM | 2019-02-01発売,4154
CFD Selection W3U1600CM-4G,2 x 4GB | DDR3-1600 | DIMM | 2016-09-01発売,5363
G.Skill F4-3200C16D-32GFX,2 x 16GB | DDR4-3200 | DIMM,22336
Corsair CMH16GX4M2Z3600C18,2 x 8GB | DDR4-3600 | DIMM,13742
Adtec ADM2933D-R16GSA4,4 x 16GB | DDR4-2933 | DIMM | 2020-01-01発売,82401
G.Skill F4-4600C18D-16GTZR,2 x 8GB | DDR4-4600 | DIMM,42680
ADATA AD4S266638G19-D,2 x 8GB | DDR4-2666 | S.O.DIMM,7136
Micron MTA18ASF2G72PZ-2G6E1,1 x 16GB | DDR4-2666 | DIMM,10800
RAMMAX RM-LD1066-D4GB,2 x 2GB | DDR3-1066 | DIMM,2010
G.Skill F4-2400C16D-32GRS,2 x 16GB | DDR4-2400 | S.O.DIMM,18985
センチュリーマイクロ CK8GX4-D4RE2400VL81,4 x 8GB | DDR4-2400 | DIMM,35721
キングストン KSM29RD8/16MEI,1 x 16GB | DDR4-2933 | DIMM,12979
Team TED48G3200C22DC01,2 x 4GB | DDR4-3200 | DIMM | 2019-10-25発売,5880
RAMMAX RM-LD1333-D8GB,2 x 4GB | DDR3-1333 | DIMM,3910
Corsair CMW256GX4M8D3000C16,8 x 32GB | DDR4-2133(DDR4-3000) | DIMM,156110
G.Skill F4-3600C18D-32GTRG,2 x 16GB | DDR4-3600 | DIMM,24812
Crucial CT16G4DFD824A,1 x 16GB | DDR4-2400 | DIMM,7780
キングストン HX426C16FB3AK4/64,4 x 16GB | DDR4-2666 | DIMM,35118
Adtec ADM2933D-R8GSBW,2 x 8GB | DDR4-2933 | DIMM | 2020-01-01発売,24709
Corsair CMW32GX4M4C3600C18,4 x 8GB | DDR4-3600 | DIMM,27296
Crucial CT2K4G4DFS824A,2 x 4GB | DDR4-2400 | DIMM,4906
GALAXY GALAX HOF4SJL4BST4600Q18TC162C,2 x 8GB | DDR4-4600 | DIMM | 2020-12-18発売,40678
G.Skill F4-3800C14Q-32GTZN,4 x 8GB | DDR4-3800 | DIMM,53680
Corsair CMK64GX4M4A2400C16,4 x 16GB | DDR4-2400 | DIMM,28855
Corsair CMK64GX4M4A2133C13,4 x 16GB | DDR4-2133 | DIMM,33836
Corsair CMW32GX4M2A2666C16,2 x 16GB | DDR4-2666 | DIMM,19960
Corsair CMW16GX4M2Z2933C16,2 x 8GB | DDR4-2666(DDR4-2933) | DIMM,11900
Corsair CMW128GX4M4D3000C16,4 x 32GB | DDR4-2133(DDR4-3000) | DIMM,87466
Corsair CMW64GX4M4A2666C16,4 x 16GB | DDR4-2666 | DIMM,39080
Corsair CMW16GX4M2D3600C18,2 x 8GB | DDR4-3600 | DIMM,11998
Corsair CMD64GX4M4C3200C16,4 x 16GB | DDR4-3200 | DIMM,34800
Corsair CMSO16GX4M2A2133C15,2 x 8GB | DDR4-2133 | S.O.DIMM,9493
サムスン M378A4G43MB1-CTD,1 x 32GB | DDR4-2666 | DIMM,18800
G.Skill F4-3800C14D-32GTZN,2 x 16GB | DDR4-2133(DDR4-3800) | DIMM,47700
トランセンド JetRam JM2666HSH-4G,1 x 4GB | DDR4-2666 | S.O.DIMM,2980
Lenovo 46W0833,1 x 32GB | DDR4-2400 | DIMM | 2016-04-29発売,17800
CFD Selection D3N1600CM-4G,1 x 4GB | DDR3L-1600 | S.O.DIMM | 2016-09-01発売,3073
センチュリーマイクロ CK16GX4-D4RE2666L82,4 x 16GB | DDR4-2666 | DIMM | 2017-10-01発売,56479
センチュリーマイクロ CK8GX4-D4RE2400L82,4 x 8GB | DDR4-2400 | DIMM,42035
Adtec ADM2933D-R64GDA,1 x 64GB | DDR4-2933 | DIMM | 2020-01-01発売,99562
Crucial Ballistix BL2K32G32C16U4B,2 x 32GB | DDR4-3200 | DIMM,39800
Adtec ADM2933D-R32GDA,1 x 32GB | DDR4-2933 | DIMM | 2020-01-01発売,39798
Crucial Ballistix BLS2K8G4D30AESBK,2 x 8GB | DDR4-3000 | DIMM,7910
IODATA DZ2666-4G/ST,1 x 4GB | DDR4-2666 | DIMM | 2019-02-01発売,3008
G.Skill F4-2666C19D-16GRS,2 x 8GB | DDR4-2666 | S.O.DIMM,8822
CFD Selection W3N1600CM-8G,2 x 8GB | DDR3L-1600 | S.O.DIMM | 2016-09-01発売,9980
Corsair CMK64GX4M8A2133C13,8 x 8GB | DDR4-2133 | DIMM,31900
Adtec ADS2933D-E32GDBW,2 x 32GB | DDR4-2933 | DIMM | 2020-09-01発売,74362
Adtec ADS2666N-HE8G,1 x 8GB | DDR4-2666 | S.O.DIMM | 2019-02-01発売,11721
Corsair CMSX64GX4M4A2666C18,4 x 16GB | DDR4-2666 | S.O.DIMM,28800
G.Skill F4-2666C18S-32GRS,1 x 32GB | DDR4-2666 | S.O.DIMM,17800
umax UM-DDR4S-2400-8GB,1 x 8GB | DDR4-2400 | DIMM,3194
Corsair CMK32GX4M2Z3200C16,2 x 16GB | DDR4-3200 | DIMM,17325
umax UM-DDR4D-3000-32GBHS,2 x 16GB | DDR4-3000 | DIMM,13632
キングストン HX440C19PB3K2/16,2 x 8GB | DDR4-4000 | DIMM,19160
Crucial Ballistix BL2K32G32C16U4RL,2 x 32GB | DDR4-3200 | DIMM | 2020-03-27発売,41178
トランセンド JM2666HLG-8G,1 x 8GB | DDR4-2666 | DIMM,3780
Crucial CT8G4RFS8293,1 x 8GB | DDR4-2933 | DIMM,8080
ADATA AX4U266638G16-DRG,2 x 8GB | DDR4-2666 | DIMM,8982
Crucial CT32G4RFD4293,1 x 32GB | DDR4-2933 | DIMM,25959
Adtec ADS2933D-E32GDB4,4 x 32GB | DDR4-2933 | DIMM | 2020-09-01発売,148590
トランセンド JM3200HSH-4G,1 x 4GB | DDR4-3200 | S.O.DIMM,2980
Adtec ADS2933D-E16GDB,1 x 16GB | DDR4-2933 | DIMM | 2020-08-01発売,20845
Adtec ADM2933D-R8GSB4,4 x 8GB | DDR4-2933 | DIMM | 2020-01-01発売,49293
バッファロー D3N1600-LX2G,1 x 2GB | DDR3L-1600 | S.O.DIMM | 2016-05-01発売,2600
Corsair CMT32GX4M4C3600C18W,4 x 8GB | DDR4-2133(DDR4-3600) | DIMM,35000
キングストン KSM32RD4/32MEI,1 x 32GB | DDR4-3200 | DIMM,27610
Crucial Ballistix BL2K8G32C16U4BL,2 x 8GB | DDR4-3200 | DIMM,10648
アユート セレクトメモリー AU-4XM378A4G43MB1-CTD,4 x 32GB | DDR4-2666 | DIMM,69254
Corsair CMD64GX4M4C3200C16,4 x 16GB | DDR4-3200 | DIMM,34800
Corsair CMSO16GX4M2A2133C15,2 x 8GB | DDR4-2133 | S.O.DIMM,9493
サムスン M378A4G43MB1-CTD,1 x 32GB | DDR4-2666 | DIMM,18800
G.Skill F4-3800C14D-32GTZN,2 x 16GB | DDR4-2133(DDR4-3800) | DIMM,47700
トランセンド JetRam JM2666HSH-4G,1 x 4GB | DDR4-2666 | S.O.DIMM,2980
Lenovo 46W0833,1 x 32GB | DDR4-2400 | DIMM | 2016-04-29発売,17800
CFD Selection D3N1600CM-4G,1 x 4GB | DDR3L-1600 | S.O.DIMM | 2016-09-01発売,3073
センチュリーマイクロ CK16GX4-D4RE2666L82,4 x 16GB | DDR4-2666 | DIMM | 2017-10-01発売,56479
センチュリーマイクロ CK8GX4-D4RE2400L82,4 x 8GB | DDR4-2400 | DIMM,42035
Adtec ADM2933D-R64GDA,1 x 64GB | DDR4-2933 | DIMM | 2020-01-01発売,99562
Crucial Ballistix BL2K32G32C16U4B,2 x 32GB | DDR4-3200 | DIMM,39800
Adtec ADM2933D-R32GDA,1 x 32GB | DDR4-2933 | DIMM | 2020-01-01発売,39798
Crucial Ballistix BLS2K8G4D30AESBK,2 x 8GB | DDR4-3000 | DIMM,7910
IODATA DZ2666-4G/ST,1 x 4GB | DDR4-2666 | DIMM | 2019-02-01発売,3008
G.Skill F4-2666C19D-16GRS,2 x 8GB | DDR4-2666 | S.O.DIMM,8822
CFD Selection W3N1600CM-8G,2 x 8GB | DDR3L-1600 | S.O.DIMM | 2016-09-01発売,9980
Corsair CMK64GX4M8A2133C13,8 x 8GB | DDR4-2133 | DIMM,31900
Adtec ADS2933D-E32GDBW,2 x 32GB | DDR4-2933 | DIMM | 2020-09-01発売,74362
Adtec ADS2666N-HE8G,1 x 8GB | DDR4-2666 | S.O.DIMM | 2019-02-01発売,11721
Corsair CMSX64GX4M4A2666C18,4 x 16GB | DDR4-2666 | S.O.DIMM,28800
キングストン HX432C18FWK2/32,2 x 16GB | DDR4-3200 | DIMM,19980
キングストン KVR24N17S8/8,1 x 8GB | DDR4-2400 | DIMM,4922
G.Skill F4-3600C16D-64GVK,2 x 32GB | DDR4-2666(DDR4-3600) | DIMM,53000
CFD Selection D4N2666CM-16G,1 x 16GB | DDR4-2666 | S.O.DIMM | 2017-09-01発売,8500
Adtec ADS2666D-HEV8G4,4 x 8GB | DDR4-2666 | DIMM | 2018-10-31発売,40317
Adtec ADS2933D-H8G,1 x 8GB | DDR4-2933 | DIMM | 2020-08-01発売,6804
Team TF10D416G3600HC14CDC01,2 x 8GB | DDR4-3600 | DIMM,27800
Adtec ADS2933D-H8G4,4 x 8GB | DDR4-2933 | DIMM | 2020-08-01発売,25442
Adtec ADS2933N-16GW,2 x 16GB | DDR4-2933 | S.O.DIMM | 2020-08-01発売,25442
Crucial Ballistix BL2K16G32C16U4R,2 x 16GB | DDR4-3200 | DIMM | 2020-03-27発売,18755
Adtec ADM2933D-R32GDA4,4 x 32GB | DDR4-2933 | DIMM | 2020-01-01発売,158820
Adtec ADM2933D-R16GSAW,2 x 16GB | DDR4-2933 | DIMM | 2020-01-01発売,41263
G.Skill F4-3200C16Q-128GTRG,4 x 32GB | DDR4-3200 | DIMM,95645
トランセンド JM3200HSB-8G,1 x 8GB | DDR4-3200 | S.O.DIMM,5780
Adtec ADS2933D-E8GSBW,2 x 8GB | DDR4-2933 | DIMM | 2020-08-01発売,23709
G.Skill F4-3600C14D-16GTZNB,2 x 8GB | DDR4-3600 | DIMM,24145
G.Skill F4-3600C18D-32GVK,2 x 16GB | DDR4-3600 | DIMM,22000
キングストン HX432C16FB3AK4/32,4 x 8GB | DDR4-3200 | DIMM,22944
umax UM-DDR3D-1600-8GBHS,2 x 4GB | DDR3-1600 | DIMM,4209
Patriot Memory PSP432G2666KH1,2 x 16GB | DDR4-2666 | DIMM,15800
Corsair CMSX32GX4M4X4000C19,4 x 8GB | DDR4-4000 | S.O.DIMM | 2018-03-16発売,48100
Corsair CMK32GX4M4A2666C16B,4 x 8GB | DDR4-2666 | DIMM,19817
Corsair CMK32GX4M2A2133C13,2 x 16GB | DDR4-2133 | DIMM,16740
プリンストン PDD4/2666-8G,1 x 8GB | DDR4-2666 | DIMM | 2017-12-15発売,8923
Adtec ADS2666D-R16GD,1 x 16GB | DDR4-2666 | DIMM | 2018-01-01発売,19060
Corsair CMK256GX4M8D3600C18,8 x 32GB | DDR4-3600 | DIMM,199840
キングストン KSM29ES8/16ME,1 x 16GB | DDR4-2933 | DIMM,11290
Crucial CT4K32G4RFD4266,4 x 32GB | DDR4-2666 | DIMM,203623
G.Skill F4-3600C17D-16GTRS,2 x 8GB | DDR4-3600 | DIMM,19030
キングストン HX437C19FB3/16,1 x 16GB | DDR4-3733 | DIMM,12780
キングストン HX429S17IB2K2/16,2 x 8GB | DDR4-2933 | S.O.DIMM,11210
G.Skill F4-3600C19Q-32GVRB,4 x 8GB | DDR4-3600 | DIMM,25700
G.Skill F4-3600C19Q-32GSXKB,4 x 8GB | DDR4-3600 | DIMM,25698
G.Skill F4-4000C18Q-32GTRG,4 x 8GB | DDR4-4000 | DIMM,45580
RAMMAX RM-LD1066-2GB,1 x 2GB | DDR3-1066 | DIMM,1210
グリーンハウス GH-DNF2400-8GB,1 x 8GB | DDR4-2400 | S.O.DIMM | 2017-03-01発売,5390
Crucial BLE4K8G4D30AEEA,4 x 8GB | DDR4-3000 | DIMM,50723
Corsair CMK16GX4M2D3000C16W,2 x 8GB | DDR4-3000 | DIMM,9700
Corsair CMK8GX4M2A2400C16R,2 x 4GB | DDR4-2400 | DIMM,5225
Corsair CMR32GX4M4C3000C15,4 x 8GB | DDR4-3000 | DIMM | 2017-04-08発売,26180
キングストン HX426C16FB3/4,1 x 4GB | DDR4-2666 | DIMM,3187
G.Skill F4-2666C19S-8GNT,1 x 8GB | DDR4-2666 | DIMM | 2018-03-28発売,5579
G.Skill F4-4000C17D-16GTRS,2 x 8GB | DDR4-4000 | DIMM,28000
Corsair CMK16GX4M2K4333C19,2 x 8GB | DDR4-4333 | DIMM,36066
G.Skill F4-3600C14D-32GTZN,2 x 16GB | DDR4-2666(DDR4-3600) | DIMM,34660
Corsair CMK16GX4M4A2400C14R,4 x 4GB | DDR4-2400 | DIMM,9500
G.Skill F4-3600C16Q-128GTRG,4 x 32GB | DDR4-2666(DDR4-3600) | DIMM,113085
G.Skill F4-3600C14Q-64GTZR,4 x 16GB | DDR4-2666(DDR4-3600) | DIMM,93812
Crucial Ballistix BL2K8G26C16U4W,2 x 8GB | DDR4-2666 | DIMM | 2020-03-27発売,9590
Corsair CMU32GX4M2C3000C15,2 x 16GB | DDR4-3000 | DIMM,19800
サムスン M378A5244CB0-CTD,1 x 4GB | DDR4-2666 | DIMM,2879
G.Skill F4-3600C16Q-64GTZNC,4 x 16GB | DDR4-2133(DDR4-3600) | DIMM,61700
バッファロー MV-D3U1600-S4G,1 x 4GB | DDR3-1600 | DIMM | 2016-05-01発売,4095
IODATA SDZ2133-4GR,1 x 4GB | DDR4-2133 | S.O.DIMM | 2019-05-01発売,9377
Corsair CMK8GX4M1A2400C16,1 x 8GB | DDR4-2400 | DIMM,4560
Corsair CMK32GX4M2F4000C19,2 x 16GB | DDR4-2133(DDR4-4000) | DIMM,41110
Corsair CMV32GX4M1A2666C18,1 x 32GB | DDR4-2400(DDR4-2666) | DIMM,18660
キングストン HX426C16FB3K2/32,2 x 16GB | DDR4-2666 | DIMM,18599
Corsair CMW64GX4M4E3200C16,4 x 16GB | DDR4-3200 | DIMM,43620
Crucial Ballistix BLS8G4D32AESBK,1 x 8GB | DDR4-3200 | DIMM,5478
G.Skill F4-4000C18Q-128GTRG,4 x 32GB | DDR4-2133(DDR4-4000) | DIMM,115747
IODATA SDY1600L-2GR/ST,1 x 2GB | DDR3L-1600 | S.O.DIMM | 2019-02-01発売,2598
Corsair CMT64GX4M4K3600C18W,4 x 16GB | DDR4-2133(DDR4-3600) | DIMM,71110
Corsair CMT32GX4M2C3000C15,2 x 16GB | DDR4-3000 | DIMM | 2019-03-01発売,21778
Adtec ADS2933D-32GW,2 x 32GB | DDR4-2933 | DIMM | 2020-08-01発売,53675
トランセンド TS2GLH72V2B,1 x 16GB | DDR4-3200 | DIMM,13980
Corsair CMSO8GX3M1C1600C11,1 x 8GB | DDR3L-1600 | S.O.DIMM,5277
Team TF10D416G3200HC14BDC01,2 x 8GB | DDR4-3200 | DIMM,22800
G.Skill F4-4266C16D-16GVK,2 x 8GB | DDR4-2133(DDR4-4266) | DIMM,24059
G.Skill F4-3200C16Q2-256GTRS,8 x 32GB | DDR4-2666(DDR4-3200) | DIMM,191235
G.Skill F4-3600C16Q-64GTRGC,4 x 16GB | DDR4-3600 | DIMM,68695
Corsair CMSA32GX4M2A2666C18,2 x 16GB | DDR4-2666 | S.O.DIMM,18680
トランセンド TS2GSH72V4B,1 x 16GB | DDR4-2400 | S.O.DIMM,13800
G.Skill F4-3200C14D-64GVK,2 x 32GB | DDR4-2666(DDR4-3200) | DIMM,38980
Adtec ADS2133N-E4G,1 x 4GB | DDR4-2133 | S.O.DIMM | 2016-01-01発売,10406
Adtec ADS3200N-16G,1 x 16GB | DDR4-3200 | S.O.DIMM | 2020-08-01発売,12897
G.Skill F4-3200C16Q2-256GVK,8 x 32GB | DDR4-3200 | DIMM,180700
G.Skill F4-3600C16Q-64GTRSC,4 x 16GB | DDR4-3600 | DIMM,66500
IODATA DZ2666-4G/EC,1 x 4GB | DDR4-2666 | DIMM,4580
キングストン HX426C16FB3K4/16,4 x 4GB | DDR4-2666 | DIMM,11639
トランセンド TS1GSH72V4B,1 x 8GB | DDR4-2400 | S.O.DIMM,8127
RAMMAX RM-SD1066-2GB,1 x 2GB | DDR3-1066 | S.O.DIMM,1210
キングストン HX432C16FB3K2/8,2 x 4GB | DDR4-3200 | DIMM,6402
Corsair CMSO16GX3M2A1333C9,2 x 8GB | DDR3-1333 | S.O.DIMM,8933
Corsair CMK32GX4M2B3000C15W,2 x 16GB | DDR4-3000 | DIMM,16445
Corsair CMK64GX4M4X4000C18,4 x 16GB | DDR4-4000 | DIMM,63963
G.Skill F4-2133C15D-32GIS,2 x 16GB | DDR4-2133 | DIMM,19432
Corsair CMK32GX4M4B3200C16,4 x 8GB | DDR4-3200 | DIMM,20900
Adtec ADS2666N-X4G,1 x 4GB | DDR4-2666 | S.O.DIMM | 2018-07-01発売,2843
G.Skill F4-3600C17Q-64GTZ,4 x 16GB | DDR4-3600 | DIMM,55500
Crucial Ballistix MAX BLM2K8G40C18U4BL,2 x 8GB | DDR4-4000 | DIMM | 2020-03-27発売,25512
G.Skill F4-3600C16D-16GTZSW,2 x 8GB | DDR4-3600 | DIMM,15500
Crucial CT2K8G4SFD824A,2 x 8GB | DDR4-2400 | S.O.DIMM,8500
キングストン HX432C16FB3/4,1 x 4GB | DDR4-3200 | DIMM,3349
Crucial CT32G4RFD4266,1 x 32GB | DDR4-2666 | DIMM,24969
キングストン HX434C19FW2K2/16,2 x 8GB | DDR4-3466 | DIMM,11980
G.Skill F4-4000C19D-32GTZR,2 x 16GB | DDR4-2133(DDR4-4000) | DIMM,39700
Apple MX1K2G/A,2 x 64GB | DDR4-2933 | DIMM,308000
umax UM-DDR4D-3000-16GBHS,2 x 8GB | DDR4-3000 | DIMM,7594
Corsair CMW32GX4M4A2666C16W,4 x 8GB | DDR4-2666 | DIMM,20645
キングストン HX424C15FB3K2/8,2 x 4GB | DDR4-2400 | DIMM,5320
ADATA AD4S2400J4G17-S,1 x 4GB | DDR4-2400 | S.O.DIMM,3636
Corsair CMD32GX4M4B3866C18,4 x 8GB | DDR4-3866 | DIMM,70537
Apple MX8G2G/A,2 x 128GB | DDR4-2933 | DIMM,726000
Corsair CMK16GX4M2B3200C16W,2 x 8GB | DDR4-3200 | DIMM,10090
Corsair CMSX32GX4M1A2666C18,1 x 32GB | DDR4-2666 | S.O.DIMM,18660
キングストン HX426C16FB3K4/128,4 x 32GB | DDR4-2666 | DIMM,80710
センチュリーマイクロ CK8GX2-D4RE2400VL81,2 x 8GB | DDR4-2400 | DIMM,17907
G.Skill F4-4000C18D-64GTRG,2 x 32GB | DDR4-2666(DDR4-4000) | DIMM,52800
Corsair CMK32GX4M4A2666C16,4 x 8GB | DDR4-2666 | DIMM,20295
キングストン HX432S20IBK2/64,2 x 32GB | DDR4-3200 | S.O.DIMM,47720
G.Skill F4-4000C18Q-128GTZR,4 x 32GB | DDR4-2133(DDR4-4000) | DIMM,114600
J&A Information LEVEN JRG4U3200172408-32M,2 x 16GB | DDR4-3200 | DIMM,15800
センチュリーマイクロ CK8GX2-D4U2666H,2 x 8GB | DDR4-2666 | DIMM | 2017-08-01発売,9878
umax DCDDR4-2666-8GB HS,2 x 4GB | DDR4-2666 | DIMM | 2017-08-11発売,5980
Corsair CMK32GX4M2B3200C16W,2 x 16GB | DDR4-3200 | DIMM,17325
Adtec ADS2666D-EV16GW,2 x 16GB | DDR4-2666 | DIMM | 2018-11-01発売,34685
Crucial Ballistix MAX BLM2K16G44C19U4B,2 x 16GB | DDR4-4400 | DIMM | 2020-03-27発売,50076
トランセンド TS2666HSB-8G,1 x 8GB | DDR4-2666 | S.O.DIMM,4920
キングストン HX426C16FB3K2/8,2 x 4GB | DDR4-2666 | DIMM,5986
キングストン KSM24SES8/8ME,1 x 8GB | DDR4-2400 | S.O.DIMM,5981
キングストン HX430C15FB3/4,1 x 4GB | DDR4-3000 | DIMM,3460
Corsair CMW16GX4M2Z4600C18,2 x 8GB | DDR4-4600 | DIMM,46110
umax UM-DDR4S-3000-16GB,1 x 16GB | DDR4-3000 | DIMM,6529
Corsair CMH16GX4M2D3600C18,2 x 8GB | DDR4-3600 | DIMM,13742
Corsair CMH128GX4M4E3200C16,4 x 32GB | DDR4-3200 | DIMM,86843
Corsair CMH32GX4M4E3200C16,4 x 8GB | DDR4-3200 | DIMM,26711
センチュリーマイクロ CK16GX4-D4UE2666,4 x 16GB | DDR4-2666 | DIMM,53586
G.Skill F4-2666C19D-32GIS,2 x 16GB | DDR4-2666 | DIMM,19558
umax UM-DDR2S-800-2G-R1,1 x 2GB | DDR2-800 | DIMM,2780
Corsair CMSX32GX4M2A3000C18,2 x 16GB | DDR4-3000 | S.O.DIMM,18095
Corsair CMH16GX4M2Z3200C16,2 x 8GB | DDR4-3200 | DIMM,12398
Corsair CMW64GX4M4C3466C16,4 x 16GB | DDR4-3466 | DIMM,58056
G.Skill F4-3200C22S-32GRS,1 x 32GB | DDR4-3200 | S.O.DIMM,15980
トランセンド TS2GLH72V6B,1 x 16GB | DDR4-2666 | DIMM,13980
Corsair CMK32GX4M4B3600C18,4 x 8GB | DDR4-3600 | DIMM,26510
センチュリーマイクロ CD8G-D4U2133H,1 x 8GB | DDR4-2133 | DIMM,8227
IODATA SDZ2400-4G/ST,1 x 4GB | DDR4-2400 | S.O.DIMM | 2018-11-01発売,2695
キングストン HX437C19FB3K2/32,2 x 16GB | DDR4-3733 | DIMM,25550
キングストン HX432C16FB3K2/64,2 x 32GB | DDR4-3200 | DIMM,43250
Corsair CMSO32GX4M2A2133C15,2 x 16GB | DDR4-2133 | S.O.DIMM,20299
Crucial CT2K2G4SFS624A,2 x 2GB | DDR4-2400 | S.O.DIMM,4565
Adtec ADS2133D-R16GDBW,2 x 16GB | DDR4-2133 | DIMM | 2019-08-01発売,38120
センチュリーマイクロ CK8GX2-D4UE2400,2 x 8GB | DDR4-2400 | DIMM,19645
RAMMAX RM-SD1066-D4GB,2 x 2GB | DDR3-1066 | S.O.DIMM,2010
キングストン HX430C15FB3/8,1 x 8GB | DDR4-3000 | DIMM,5278
Corsair CMW32GX4M4C3200C16W,4 x 8GB | DDR4-3200 | DIMM,24670
キングストン HX432C16FB3/16,1 x 16GB | DDR4-3200 | DIMM,9961
GALAXY GALAX HOF4CXL3BST3600K17LD162CL,2 x 8GB | DDR4-3600 | DIMM,27800
エレコム EW2133-8G/RO,1 x 8GB | DDR4-2133 | DIMM | 2016-03-01発売,6628
センチュリーマイクロ CK4GX2-D3RE1333VL81,2 x 4GB | DDR3-1333 | DIMM,6512
Corsair CMK16GX4M2B3600C18,2 x 8GB | DDR4-3600 | DIMM,12705
トランセンド JM3200HLE-32GK,2 x 16GB | DDR4-3200 | DIMM,17980
Crucial BLS2K16G4D240FSB,2 x 16GB | DDR4-2400 | DIMM,50967
キングストン HX436C17PB4K2/16,2 x 8GB | DDR4-3600 | DIMM,11700
Crucial Ballistix BL2K8G36C16U4RL,2 x 8GB | DDR4-3600 | DIMM | 2020-03-27発売,11559
ESSENCORE KLEVV KD4AGU880-32A160U,2 x 16GB | DDR4-3200 | DIMM,12999
G.Skill F4-4000C18Q-32GTRS,4 x 8GB | DDR4-4000 | DIMM,44990
G.Skill F4-3600C14Q-64GTZN,4 x 16GB | DDR4-2666(DDR4-3600) | DIMM,95067
G.Skill F4-3800C14D-16GTZN,2 x 8GB | DDR4-3800 | DIMM,26290
Adtec ADS2933D-32G4,4 x 32GB | DDR4-2933 | DIMM | 2020-08-01発売,107226
Corsair CMK16GX4M2A2400C16R,2 x 8GB | DDR4-2400 | DIMM,8067
Crucial CT204872BB160B,1 x 16GB | DDR3-1600 | DIMM,30352
Adtec ADS2933D-E16GDB4,4 x 16GB | DDR4-2933 | DIMM | 2020-08-01発売,80085
ADATA AD4U2133W8G15-S,1 x 8GB | DDR4-2133 | DIMM,8780
Corsair CMW32GX4M2D3600C18,2 x 16GB | DDR4-2133(DDR4-3600) | DIMM,22000
アユート セレクトメモリー AU-2XM378A4G43AB2-CWE,2 x 32GB | DDR4-3200 | DIMM,36200
G.Skill F4-4000C17D-32GTRGB,2 x 16GB | DDR4-4000 | DIMM,38280
G.Skill F4-4000C17D-32GVKB,2 x 16GB | DDR4-2133(DDR4-4000) | DIMM,30855
キングストン KVR24N17S8K2/16,2 x 8GB | DDR4-2400 | DIMM,10369
トランセンド TS512MLH72V6H,1 x 4GB | DDR4-2666 | DIMM,4664
G.Skill F4-3600C18Q2-256GTRS,8 x 32GB | DDR4-2666(DDR4-3600) | DIMM,212100
Crucial CT51264BF160B,1 x 4GB | DDR3L-1600 | S.O.DIMM,2948
トランセンド JetRam JM2666HLH-4G,1 x 4GB | DDR4-2666 | DIMM,2480
センチュリーマイクロ CD32G-SOD4U3200,1 x 32GB | DDR4-3200 | S.O.DIMM | 2020-02-01発売,20800
キングストン HX430C15FB3A/8,1 x 8GB | DDR4-3000 | DIMM,5961
Crucial CT2K4G4SFS824A,2 x 4GB | DDR4-2400 | S.O.DIMM,4477
Adtec ADS2133D-H8G,1 x 8GB | DDR4-2133 | DIMM | 2016-12-01発売,4933
Corsair CMSX8GX4M2A2666C18,2 x 4GB | DDR4-2666 | S.O.DIMM,5580
Crucial Ballistix BLS2K8G4D30AESEK,2 x 8GB | DDR4-3000 | DIMM,7910
OCMEMORY OCM3200CL16Q-32GBNC,4 x 8GB | DDR4-3200 | DIMM,17190
キングストン HX432C16PB3K2/16,2 x 8GB | DDR4-3200 | DIMM,10428
G.Skill F4-2666C19D-64GVK,2 x 32GB | DDR4-2666 | DIMM,41800
Crucial CT8G4DFD824A,1 x 8GB | DDR4-2400 | DIMM,4345
Crucial Ballistix BLS16G4D30AESB,1 x 16GB | DDR4-3000 | DIMM,8160
G.Skill F4-4000C18D-16GTZRB,2 x 8GB | DDR4-4000 | DIMM,20000
キングストン HX424C15FB3A/8,1 x 8GB | DDR4-2400 | DIMM,5262
キングストン HX432C16FB3AK2/16,2 x 8GB | DDR4-3200 | DIMM,12136
キングストン HX430C15FB3/16,1 x 16GB | DDR4-3000 | DIMM,9730
J&A Information LEVEN JR4S2666172408-16M,1 x 16GB | DDR4-2666 | S.O.DIMM,7280
Corsair CMW32GX4M2Z3200C16,2 x 16GB | DDR4-3200 | DIMM,18535
Adtec ADS2933N-H8GW,2 x 8GB | DDR4-2933 | S.O.DIMM | 2020-08-01発売,12898
トランセンド JM3200HLB-8G,1 x 8GB | DDR4-3200 | DIMM,5780
Adtec ADS2666N-X4GW,2 x 4GB | DDR4-2666 | S.O.DIMM | 2018-07-01発売,5407
キングストン HX437C19FB3AK2/16,2 x 8GB | DDR4-3733 | DIMM,14420
Corsair CMT16GX4M2C3600C18,2 x 8GB | DDR4-3600 | DIMM | 2019-03-01発売,18990
キングストン HX432C16FB3/32,1 x 32GB | DDR4-3200 | DIMM,21630
RAMMAX RM-SD1066-D16GB,2 x 8GB | DDR3-1066 | S.O.DIMM,6510
G.Skill F4-3600C18Q-64GTZR,4 x 16GB | DDR4-3600 | DIMM,55100
センチュリーマイクロ CK16GX2-D4RE2133L82,2 x 16GB | DDR4-2133 | DIMM,30478
G.Skill F4-2400C15Q-32GTZRX,4 x 8GB | DDR4-2400 | DIMM,28325
umax UM-DDR4S-3200-16GB,1 x 16GB | DDR4-3200 | DIMM,6600
Corsair CMW32GX4M2C3000C15,2 x 16GB | DDR4-3000 | DIMM,18535
Adtec ADS2933N-32G,1 x 32GB | DDR4-2933 | S.O.DIMM | 2020-08-01発売,26906
G.Skill F4-3200C16D-32GSXWB,2 x 16GB | DDR4-3200 | DIMM | 2018-02-10発売,22418
トランセンド TS2666HLB-16G,1 x 16GB | DDR4-2666 | DIMM,8770
センチュリーマイクロ CK8GX2-D4RE2133VL81,2 x 8GB | DDR4-2133 | DIMM,18633
Adtec ADS2666N-E16G,1 x 16GB | DDR4-2666 | S.O.DIMM | 2019-02-01発売,17410
Corsair CMW64GX4M8C3200C16,8 x 8GB | DDR4-3200 | DIMM,45884
Team TED432G2666C19DC01,2 x 16GB | DDR4-2666 | DIMM,15990
キングストン HX432S20IB2K2/16,2 x 8GB | DDR4-3200 | S.O.DIMM,11099
Corsair CMSO16GX3M2C1600C11,2 x 8GB | DDR3L-1600 | S.O.DIMM,8877
RAMMAX RM-SD1066-4GB,1 x 4GB | DDR3-1066 | S.O.DIMM,2010
Corsair CMW16GX4M2C3466C16,2 x 8GB | DDR4-3466 | DIMM | 2018-07-13発売,14200
G.Skill F4-4266C16D-16GTZR,2 x 8GB | DDR4-2133(DDR4-4266) | DIMM,28109
RAMMAX RM-SD667-2GB,1 x 2GB | DDR2-667 | S.O.DIMM,1500
umax UM-DDR3S-1600-8GB,1 x 8GB | DDR3-1600 | DIMM,3545
Corsair CMSX16GX4M2A3000C16,2 x 8GB | DDR4-3000 | S.O.DIMM,11750
G.Skill F4-3600C17Q-32GTZR,4 x 8GB | DDR4-3600 | DIMM,32800
トランセンド JM2666HSE-32G,1 x 32GB | DDR4-2666 | S.O.DIMM,12748
キングストン HX432C16FB3AK2/32,2 x 16GB | DDR4-3200 | DIMM,20100
Adtec ADS2933D-E8GSB,1 x 8GB | DDR4-2933 | DIMM | 2020-08-01発売,12028
G.Skill F4-3200C18D-16GRS,2 x 8GB | DDR4-3200 | S.O.DIMM,13516
G.Skill F4-4266C17D-32GTZRB,2 x 16GB | DDR4-2133(DDR4-4266) | DIMM,40900
トランセンド TS2GLH64V6B,1 x 16GB | DDR4-2666 | DIMM,9980
G.Skill F4-3200C14Q-64GTRS,4 x 16GB | DDR4-3200 | DIMM,75625
RAMMAX RM-SD1600-4GB,1 x 4GB | DDR3-1600 | S.O.DIMM,2010
トランセンド TS3200HSG-8G,1 x 8GB | DDR4-3200 | S.O.DIMM,6180
トランセンド TS3200HLG-8G,1 x 8GB | DDR4-3200 | DIMM,6180
G.Skill F4-3800C18D-64GTZN,2 x 32GB | DDR4-2666(DDR4-3800) | DIMM,52880
Corsair CMU16GX4M2C3200C16B,2 x 8GB | DDR4-3200 | DIMM,15300
Corsair CMK16GX4M2Z2666C16,2 x 8GB | DDR4-2666 | DIMM | 2017-04-01発売,11448
キングストン HX436C17FB3A/8,1 x 8GB | DDR4-3600 | DIMM,7060
G.Skill F4-4000C18D-16GTRS,2 x 8GB | DDR4-4000 | DIMM,22350
G.Skill F4-4000C18D-16GTRG,2 x 8GB | DDR4-4000 | DIMM,22650
Corsair CMT16GX4M2C3200C16,2 x 8GB | DDR4-3200 | DIMM | 2019-03-01発売,15378
キングストン HX440C19PB3A/8,1 x 8GB | DDR4-4000 | DIMM,10380
バッファロー D4N2400-B8G,1 x 8GB | DDR4-2400 | S.O.DIMM | 2016-10-01発売,17287
RAMMAX RM-SD800-D2GB,2 x 1GB | DDR2-800 | S.O.DIMM,1110
キングストン HX434C16FB3K2/16,2 x 8GB | DDR4-3466 | DIMM,12291
Corsair CMV16GX4M1A2133C15,1 x 16GB | DDR4-2133 | DIMM,8635
G.Skill F4-3600C17D-16GTZKW,2 x 8GB | DDR4-3600 | DIMM,13090
G.Skill F4-2133C15D-32GRS,2 x 16GB | DDR4-2133 | S.O.DIMM,18315
キングストン HX424C15FB3AK4/32,4 x 8GB | DDR4-2400 | DIMM,19936
Crucial Ballistix BL2K16G30C15U4WL,2 x 16GB | DDR4-3000 | DIMM | 2020-03-27発売,22891
キングストン KSM29RS4/16MEI,1 x 16GB | DDR4-2933 | DIMM,13419
エレコム EW2133-4G/RO,1 x 4GB | DDR4-2133 | DIMM | 2016-03-01発売,4180
キングストン KVR16LS11K2/16,2 x 8GB | DDR3L-1600 | S.O.DIMM,13414
G.Skill F4-2133C15S-4GIS,1 x 4GB | DDR4-2133 | DIMM,3754
G.Skill F4-3600C18Q-32GTRG,4 x 8GB | DDR4-3600 | DIMM,39032
RAMMAX RM-LD553-2GB,1 x 2GB | DDR2-533 | DIMM,1210
G.Skill F4-3600C18D-16GTZRX,2 x 8GB | DDR4-2133(DDR4-3600) | DIMM,15655
センチュリーマイクロ CK8GX4-D4UE2400H,4 x 8GB | DDR4-2400 | DIMM,32048
G.Skill F4-3600C16Q-64GTZRC,4 x 16GB | DDR4-3600 | DIMM,60500
G.Skill F4-4000C18Q-32GTZRB,4 x 8GB | DDR4-4000 | DIMM,40400
G.Skill F4-2666C19S-16GIS,1 x 16GB | DDR4-2666 | DIMM,7915
G.Skill F4-2666C19S-32GVK,1 x 32GB | DDR4-2666 | DIMM,21354
G.Skill F4-3200C14Q-128GVK,4 x 32GB | DDR4-2666(DDR4-3200) | DIMM,105448
キングストン HX432C16FB3K4/32,4 x 8GB | DDR4-3200 | DIMM,20430
キングストン KSM26ES8/16ME,1 x 16GB | DDR4-2666 | DIMM,11290
G.Skill F4-3200C14D-64GTRS,2 x 32GB | DDR4-2666(DDR4-3200) | DIMM,46980
Corsair CMT32GX4M4C3200C16W,4 x 8GB | DDR4-2133(DDR4-3200) | DIMM | 2020-06-03発売,31610
Crucial Ballistix BL2K8G30C15U4R,2 x 8GB | DDR4-3000 | DIMM | 2020-03-27発売,9840
G.Skill F4-3600C18Q2-256GTRG,8 x 32GB | DDR4-3600 | DIMM,199352
G.Skill F4-4000C18D-16GVK,2 x 8GB | DDR4-2133(DDR4-4000) | DIMM,15308
Crucial Ballistix BL2K16G26C16U4W,2 x 16GB | DDR4-2666 | DIMM | 2020-03-27発売,17803
Crucial Ballistix BL2K32G32C16S4B,2 x 32GB | DDR4-3200 | S.O.DIMM | 2020-03-27発売,40550
Corsair CMK16GX4M1A2666C16,1 x 16GB | DDR4-2666 | DIMM,8960
G.Skill F4-2400C15Q-32GFT,4 x 8GB | DDR4-2400 | DIMM,20600
Crucial CT102464BD186D,1 x 8GB | DDR3-1866 | DIMM,6380
G.Skill F4-3600C14D-32GTZN,2 x 16GB | DDR4-2666(DDR4-3600) | DIMM,34660
Corsair CMK16GX4M4A2400C14R,4 x 4GB | DDR4-2400 | DIMM,9500
G.Skill F4-3600C16Q-128GTRG,4 x 32GB | DDR4-2666(DDR4-3600) | DIMM,113085
G.Skill F4-3600C14Q-64GTZR,4 x 16GB | DDR4-2666(DDR4-3600) | DIMM,93812
Crucial Ballistix BL2K8G26C16U4W,2 x 8GB | DDR4-2666 | DIMM | 2020-03-27発売,9590
Corsair CMU32GX4M2C3000C15,2 x 16GB | DDR4-3000 | DIMM,19800
サムスン M378A5244CB0-CTD,1 x 4GB | DDR4-2666 | DIMM,2879
G.Skill F4-3600C16Q-64GTZNC,4 x 16GB | DDR4-2133(DDR4-3600) | DIMM,61700
バッファロー MV-D3U1600-S4G,1 x 4GB | DDR3-1600 | DIMM | 2016-05-01発売,4095
IODATA SDZ2133-4GR,1 x 4GB | DDR4-2133 | S.O.DIMM | 2019-05-01発売,9377
Corsair CMK8GX4M1A2400C16,1 x 8GB | DDR4-2400 | DIMM,4560
Corsair CMK32GX4M2F4000C19,2 x 16GB | DDR4-2133(DDR4-4000) | DIMM,41110
Corsair CMV32GX4M1A2666C18,1 x 32GB | DDR4-2400(DDR4-2666) | DIMM,18660
キングストン HX426C16FB3K2/32,2 x 16GB | DDR4-2666 | DIMM,18599
Corsair CMW64GX4M4E3200C16,4 x 16GB | DDR4-3200 | DIMM,43620
Crucial Ballistix BLS8G4D32AESBK,1 x 8GB | DDR4-3200 | DIMM,5478
G.Skill F4-4000C18Q-128GTRG,4 x 32GB | DDR4-2133(DDR4-4000) | DIMM,115747
IODATA SDY1600L-2GR/ST,1 x 2GB | DDR3L-1600 | S.O.DIMM | 2019-02-01発売,2598
Corsair CMT64GX4M4K3600C18W,4 x 16GB | DDR4-2133(DDR4-3600) | DIMM,71110
Corsair CMT32GX4M2C3000C15,2 x 16GB | DDR4-3000 | DIMM | 2019-03-01発売,21778
Adtec ADS2933D-32GW,2 x 32GB | DDR4-2933 | DIMM | 2020-08-01発売,53675
Team TF10D416G3200HC14BDC01,2 x 8GB | DDR4-3200 | DIMM,22800
G.Skill F4-4266C16D-16GVK,2 x 8GB | DDR4-2133(DDR4-4266) | DIMM,24059
Adtec ADS2933D-16G4,4 x 16GB | DDR4-2933 | DIMM | 2020-08-01発売,50758
Adtec ADS2933N-16G,1 x 16GB | DDR4-2933 | S.O.DIMM | 2020-08-01発売,12898
センチュリーマイクロ CK32GX2-SOD4U3200,2 x 32GB | DDR4-3200 | S.O.DIMM | 2020-02-01発売,40330
Crucial Ballistix BL2K8G30C15U4WL,2 x 8GB | DDR4-3000 | DIMM | 2020-03-27発売,11660
G.Skill F4-2666C18Q-128GTZN,4 x 32GB | DDR4-2666 | DIMM,80575
G.Skill F4-2666C18D-64GTZN,2 x 32GB | DDR4-2666 | DIMM,39101
センチュリーマイクロ CD16G-D4UE3200,1 x 16GB | DDR4-3200 | DIMM | 2019-08-01発売,14674
キングストン HX432C16FB3AK2/32,2 x 16GB | DDR4-3200 | DIMM,20100
Adtec ADS2933D-E8GSB,1 x 8GB | DDR4-2933 | DIMM | 2020-08-01発売,12028
G.Skill F4-3200C18D-16GRS,2 x 8GB | DDR4-3200 | S.O.DIMM,13516
G.Skill F4-4266C17D-32GTZRB,2 x 16GB | DDR4-2133(DDR4-4266) | DIMM,40900
トランセンド TS2GLH64V6B,1 x 16GB | DDR4-2666 | DIMM,9980
G.Skill F4-3200C14Q-64GTRS,4 x 16GB | DDR4-3200 | DIMM,75625
RAMMAX RM-SD1600-4GB,1 x 4GB | DDR3-1600 | S.O.DIMM,2010
トランセンド TS3200HSG-8G,1 x 8GB | DDR4-3200 | S.O.DIMM,6180
トランセンド TS3200HLG-8G,1 x 8GB | DDR4-3200 | DIMM,6180
G.Skill F4-3800C18D-64GTZN,2 x 32GB | DDR4-2666(DDR4-3800) | DIMM,52880
Corsair CMU16GX4M2C3200C16B,2 x 8GB | DDR4-3200 | DIMM,15300
Corsair CMK16GX4M2Z2666C16,2 x 8GB | DDR4-2666 | DIMM | 2017-04-01発売,11448
キングストン HX436C17FB3A/8,1 x 8GB | DDR4-3600 | DIMM,7060
G.Skill F4-4000C18D-16GTRS,2 x 8GB | DDR4-4000 | DIMM,22350
G.Skill F4-4000C18D-16GTRG,2 x 8GB | DDR4-4000 | DIMM,22650
Corsair CMT16GX4M2C3200C16,2 x 8GB | DDR4-3200 | DIMM | 2019-03-01発売,15378
キングストン HX440C19PB3A/8,1 x 8GB | DDR4-4000 | DIMM,10380
バッファロー D4N2400-B8G,1 x 8GB | DDR4-2400 | S.O.DIMM | 2016-10-01発売,17287
RAMMAX RM-SD800-D2GB,2 x 1GB | DDR2-800 | S.O.DIMM,1110
キングストン HX434C16FB3K2/16,2 x 8GB | DDR4-3466 | DIMM,12291
Corsair CMK32GX4M4D3600C18,4 x 8GB | DDR4-3600 | DIMM,22295
キングストン HX430C15PB3AK2/32,2 x 16GB | DDR4-3000 | DIMM,23031
Adtec ADS2933D-R16GSA,1 x 16GB | DDR4-2933 | DIMM | 2019-06-01発売,25724
Adtec ADS2933D-R32GDA,1 x 32GB | DDR4-2933 | DIMM | 2019-06-01発売,39798
IODATA SDY1600L-4GR,1 x 4GB | DDR3L-1600 | S.O.DIMM | 2019-02-01発売,7812
G.Skill F4-3600C16Q-32GTRSU,4 x 8GB | DDR4-3600 | DIMM,49335
IODATA DZ2133-8GR/ST,1 x 8GB | DDR4-2133 | DIMM | 2019-05-01発売,6220
Team TF9D432G3200HC16CDC01,2 x 16GB | DDR4-3200 | DIMM,16445
Corsair CMV2GX3M1C1600C11,1 x 2GB | DDR3L-1600 | DIMM,1200
CFD Selection W4U2666BMS-16G,2 x 16GB | DDR4-2666 | DIMM | 2017-11-01発売,51280
G.Skill F4-3600C16Q-32GTZSW,4 x 8GB | DDR4-3600 | DIMM,32000
Team TLTYD416G3200HC16CDC01,2 x 8GB | DDR4-3200 | DIMM | 2018-05-26発売,12905
グリーンハウス GH-DNF2666-4GB,1 x 4GB | DDR4-2666 | S.O.DIMM | 2018-08-01発売,3580
トランセンド TS1GLH64V4B,1 x 8GB | DDR4-2400 | DIMM,5980
G.Skill F4-3000C16D-32GSXFB,2 x 16GB | DDR4-3000 | DIMM,17600
Adtec ADS2133D-R32GD,1 x 32GB | DDR4-2133 | DIMM | 2016-02-12発売,34810
Crucial CT4G3S1339M,1 x 4GB | DDR3L-1333 | S.O.DIMM,4717
umax UM-SODDR3S-1600-4G,1 x 4GB | DDR3-1600 | S.O.DIMM,1950
IODATA SDY1600L-4GR/ST,1 x 4GB | DDR3L-1600 | S.O.DIMM | 2019-02-01発売,3963
G.Skill F4-2666C19S-8GNT,1 x 8GB | DDR4-2666 | DIMM | 2018-03-28発売,5579
G.Skill F4-3200C14D-64GTRS,2 x 32GB | DDR4-2666(DDR4-3200) | DIMM,46980
Corsair CMT32GX4M4C3200C16W,4 x 8GB | DDR4-2133(DDR4-3200) | DIMM | 2020-06-03発売,31610
Crucial Ballistix BL2K8G30C15U4R,2 x 8GB | DDR4-3000 | DIMM | 2020-03-27発売,9840
G.Skill F4-3600C18Q2-256GTRG,8 x 32GB | DDR4-3600 | DIMM,199352
G.Skill F4-4000C18D-16GVK,2 x 8GB | DDR4-2133(DDR4-4000) | DIMM,15308
Crucial Ballistix BL2K16G26C16U4W,2 x 16GB | DDR4-2666 | DIMM | 2020-03-27発売,17803
Crucial Ballistix BL2K32G32C16S4B,2 x 32GB | DDR4-3200 | S.O.DIMM | 2020-03-27発売,40550
Corsair CMK16GX4M1A2666C16,1 x 16GB | DDR4-2666 | DIMM,8960
G.Skill F4-2400C15Q-32GFT,4 x 8GB | DDR4-2400 | DIMM,20600
Crucial CT102464BD186D,1 x 8GB | DDR3-1866 | DIMM,6380
G.Skill F4-2400C17D-8GVR,2 x 4GB | DDR4-2400 | DIMM,5445
Team TLTYD432G2400HC15BDC01,2 x 16GB | DDR4-2400 | DIMM | 2018-05-26発売,-
CFD Selection W3U1600CM-2G,2 x 2GB | DDR3-1600 | DIMM | 2016-09-01発売,3640
IODATA DZ2133-8GR,1 x 8GB | DDR4-2133 | DIMM | 2019-05-01発売,19827
G.Skill F4-4000C18D-64GTRS,2 x 32GB | DDR4-2666(DDR4-4000) | DIMM,59900
グリーンハウス GH-DNF3200-16GB,1 x 16GB | DDR4-3200 | S.O.DIMM | 2021-01-01発売,10760
G.Skill F4-4000C18D-16GTZKW,2 x 8GB | DDR4-4000 | DIMM,19127
Crucial Ballistix BL2K32G36C16U4RL,2 x 32GB | DDR4-3600 | DIMM | 2020-03-27発売,-
G.Skill F4-2666C19S-32GNT,1 x 32GB | DDR4-2666 | DIMM,20590
Corsair CMD16GX4M2B3866C18,2 x 8GB | DDR4-3866 | DIMM,-
G.Skill F4-2666C19Q-128GTZR,4 x 32GB | DDR4-2666 | DIMM,88713
G.Skill F4-3333C16Q-32GTZ,4 x 8GB | DDR4-3333 | DIMM,25870
G.Skill F4-2666C19Q2-256GTRG,8 x 32GB | DDR4-2666 | DIMM,189900
Crucial CT25672AA80EA,1 x 2GB | DDR2-800 | DIMM,-
J&A Information LEVEN JR4S2400172408-4M,1 x 4GB | DDR4-2400 | S.O.DIMM,2580
Corsair CMY8GX3M2C1866C10,2 x 4GB | DDR3L-1866 | DIMM,-
キングストン HX430C15FB3AK4/32,4 x 8GB | DDR4-3000 | DIMM,19595
IODATA SDZ2400-4G,1 x 4GB | DDR4-2400 | S.O.DIMM | 2018-11-01発売,7263
センチュリーマイクロ CD4G-D3LRE1333VL81,1 x 4GB | DDR3L-1333 | DIMM,-
Patriot Memory PV48G340C6K,2 x 4GB | DDR4-3400 | DIMM,-
CFD Selection W4U2666BME-4G,2 x 4GB | DDR4-2666 | DIMM | 2016-09-01発売,-
G.Skill F4-4000C15Q2-64GTRS,8 x 8GB | DDR4-4000 | DIMM,142289
Crucial BLS4K8G4D240FSCK,4 x 8GB | DDR4-2400 | DIMM,-
G.Skill F4-2400C17Q-32GSXF,4 x 8GB | DDR4-2400 | DIMM,22400
G.Skill F4-3200C16Q2-64GTRS,8 x 8GB | DDR4-3200 | DIMM,74030
CFD W4U2133PSN-4G,2 x 4GB | DDR4-2133 | DIMM,-
Corsair CMY8GX3M2C2133C11R,2 x 4GB | DDR3L-2133 | DIMM,-
Adtec ADS2133N-E4GW,2 x 4GB | DDR4-2133 | S.O.DIMM | 2016-01-01発売,20815
Adtec ADS2400N-E16G,1 x 16GB | DDR4-2400 | S.O.DIMM,17411
トランセンド TS1GKR72W6Z,1 x 8GB | DDR3L-1600 | DIMM,11780
ヤダイ YD4/2133-16G,1 x 16GB | DDR4-2133 | DIMM,-
G.Skill F4-3333C16Q2-64GTZB,8 x 8GB | DDR4-3333 | DIMM,45446
Patriot Memory PSD416G2133K,2 x 8GB | DDR4-2133 | DIMM,-
Corsair CMU32GX4M4D3000C16R,4 x 8GB | DDR4-3000 | DIMM,-
CFD Selection Q4U2400BMS-8G/R,4 x 8GB | DDR4-2400 | DIMM | 2016-09-01発売,-
グリーンハウス GH-DRF2666-4GB,1 x 4GB | DDR4-2666 | DIMM | 2018-08-01発売,3920
archiss AS-2133D4-16G-S(X2),2 x 16GB | DDR4-2133 | DIMM,-
Crucial Ballistix BLS4K16G4D30CEST,4 x 16GB | DDR4-3000 | DIMM | 2018-08-04発売,-
ゲイル GAEXW432GB3200C16ADC,DDR4-3200,-
G.Skill F4-2400C17D-16GIS,2 x 8GB | DDR4-2400 | DIMM,9898
G.Skill F4-3200C14Q2-64GTZ,8 x 8GB | DDR4-3200 | DIMM,77100
キングストン KVR24E17S8/4MB,1 x 4GB | DDR4-2400 | DIMM,-
トランセンド JM2400HSB-8G,1 x 8GB | DDR4-2400 | S.O.DIMM,-
G.Skill F4-3200C15Q-32GTZSW,4 x 8GB | DDR4-3200 | DIMM,27400
Patriot Memory PSD48G240082S,1 x 8GB | DDR4-2400 | S.O.DIMM | 2018-03-01発売,-
Corsair CMK16GX4M4B3300C16R,4 x 4GB | DDR4-3300 | DIMM,-
umax LoDDR4-2133-16GB HS,1 x 16GB | DDR4-2133 | DIMM,-
Silicon Power SP008GBLFU213N02DA,1 x 8GB | DDR4-2133 | DIMM | 2016-04-01発売,-
Crucial CT4K8G4RFS824A,4 x 8GB | DDR4-2400 | DIMM,-
トランセンド TS2GKR72W6Z,1 x 16GB | DDR3L-1600 | DIMM,-
Crucial BLS2K4G3D169DS3,2 x 4GB | DDR3-1600 | DIMM,-
Patriot Memory PVR416G300C5KW,2 x 8GB | DDR4-3000 | DIMM | 2018-05-25発売,-
Corsair CML16GX3M2A1866C10,2 x 8GB | DDR3-1866 | DIMM,-
umax UM-SODDR2S-800-2G,1 x 2GB | DDR2-800 | S.O.DIMM,2540
Corsair CMR32GX4M4A2666C16,4 x 8GB | DDR4-2666 | DIMM,23727
Corsair CMK16GX4M2Z2400C16,2 x 8GB | DDR4-2400 | DIMM | 2017-04-13発売,11020
IODATA DZ2666-4G,1 x 4GB | DDR4-2666 | DIMM | 2019-02-01発売,10333
G.Skill F4-3333C16D-32GTZB,2 x 16GB | DDR4-3333 | DIMM,19698
Adtec ADS2400D-HEV8G,1 x 8GB | DDR4-2400 | DIMM | 2017-01-01発売,10082
キングストン HX426C13PB3/16,1 x 16GB | DDR4-2666 | DIMM,13800
umax DCDDR4-2400-16GB HS,2 x 8GB | DDR4-2400 | DIMM | 2016-08-24発売,10980
CFD D4U2800PSN-4G,1 x 4GB | DDR4-2800 | DIMM,-
G.Skill F4-3200C16D-32GTZSW,2 x 16GB | DDR4-3200 | DIMM,23010
G.Skill F4-3000C15D-16GTZR,2 x 8GB | DDR4-3000 | DIMM,15359
G.Skill F4-3000C14D-32GTZR,2 x 16GB | DDR4-3000 | DIMM,23049
G.Skill F4-3200C15D-16GTZKO,2 x 8GB | DDR4-3200 | DIMM,-
CFD Selection Gaming Sports W4U3000BMS-8G,2 x 8GB | DDR4-3000 | DIMM | 2019-04-01発売,9903
archiss AS-2400D4-8G-S(X2),2 x 8GB | DDR4-2400 | DIMM,-
G.Skill F4-3600C16Q2-64GTZSW,8 x 8GB | DDR4-3600 | DIMM,64400
GALAXY GALAX HOF4CXLBS3200H14HD162C,2 x 8GB | DDR4-3200 | DIMM,-
CFD Selection Q4U2666BMT-4G,4 x 4GB | DDR4-2666 | DIMM | 2016-09-01発売,-
G.Skill F4-2133C15D-16GFT,2 x 8GB | DDR4-2133 | DIMM,9900
プリンストン PDN3/1333-1G,1 x 1GB | DDR3-1333 | S.O.DIMM,4490
センチュリーマイクロ CD32G-D4LE2133L42,1 x 32GB | DDR4-2133 | DIMM,-
Corsair CMK32GX4M2B3000C15R,2 x 16GB | DDR4-3000 | DIMM,10980
CFD Selection Q4U3200BME-4G,4 x 4GB | DDR4-3200 | DIMM | 2017-04-01発売,-
Crucial BLT4G3D1608ET3LX0,1 x 4GB | DDR3-1600 | DIMM,-
Corsair CMD32GX4M4A2400C12,4 x 8GB | DDR4-2400 | DIMM,-
Corsair CMR16GX4M2D3000C16,2 x 8GB | DDR4-3000 | DIMM,-
Team TXGD416G3600HC18ADC01,2 x 8GB | DDR4-3600 | DIMM,-
G.Skill F4-2400C15D-32GTZR,2 x 16GB | DDR4-2400 | DIMM,24587
Crucial BLS4G4S26BFSD,1 x 4GB | DDR4-2666 | S.O.DIMM,-
トランセンド TS1GHR72V4B,1 x 8GB | DDR4-2400 | DIMM,9980
CFD Selection D4U2666BMT-4G,1 x 4GB | DDR4-2666 | DIMM | 2016-09-01発売,-
Corsair CMD16GX4M4B2400C10,4 x 4GB | DDR4-2400 | DIMM,-
G.Skill F4-2666C19D-16GSXW,2 x 8GB | DDR4-2666 | DIMM,11700
G.Skill F4-2133C15Q-16GIS,4 x 4GB | DDR4-2133 | DIMM,11105
Corsair CMR16GX4M2C3600C18,2 x 8GB | DDR4-3600 | DIMM,-
Corsair CMD16GX3M2A2400C11,2 x 8GB | DDR3-2400 | DIMM,-
CFD Selection Q4U2400BMS-16G/R,4 x 16GB | DDR4-2400 | DIMM | 2016-09-01発売,-
Crucial CT3KIT102472BA160B,3 x 8GB | DDR3-1600 | DIMM,-
ADATA ADDU1600W8G11-2,2 x 8GB | DDR3L-1600 | DIMM,-
センチュリーマイクロ CD8G-SOD4UE2400,1 x 8GB | DDR4-2400 | S.O.DIMM,12997
Corsair CMK32GX4M4C3400C16R,4 x 8GB | DDR4-3400 | DIMM,-
Crucial BLT4G3D1869DT1TX0,1 x 4GB | DDR3-1866 | DIMM,-
Corsair CMR16GX4M2C3200C16W,2 x 8GB | DDR4-3200 | DIMM,-
サムスン M378A2K43BB1-CPB,1 x 16GB | DDR4-2133 | DIMM,-
Crucial CT4K8G4RFD8266,4 x 8GB | DDR4-2666 | DIMM,-
Crucial BLE2K4G3D21BCE1J,2 x 4GB | DDR3-2133 | DIMM,-
ADATA AD4S2666316G19-R,1 x 16GB | DDR4-2666 | S.O.DIMM,10010
Adtec ADM2666N-H8G,1 x 8GB | DDR4-2666 | S.O.DIMM | 2018-11-12発売,16633
グリーンハウス GH-DRF2666-16GB,1 x 16GB | DDR4-2666 | DIMM | 2018-08-01発売,9780
Corsair CMR16GX4M2C3200C16,2 x 8GB | DDR4-3200 | DIMM,17810
Corsair CMW16GX4M2K4000C19,2 x 8GB | DDR4-4000 | DIMM,18486
キングストン HX424C15FBK4/64,4 x 16GB | DDR4-2400 | DIMM,-
Corsair CMD16GX3M4A2933C12,4 x 4GB | DDR3-2933 | DIMM,-
Patriot Memory PV48G320C6K,2 x 4GB | DDR4-3200 | DIMM,-
G.Skill F4-3400C16D-32GVK,2 x 16GB | DDR4-3400 | DIMM,25595
CFD Selection Q4U3000BME-8G,4 x 8GB | DDR4-3000 | DIMM | 2017-04-01発売,-
AVEXIR AVD4UZ126661508G-2IPROG,2 x 8GB | DDR4-2666 | DIMM | 2016-03-10発売,-
Corsair CMK64GX4M4B2800C14,4 x 16GB | DDR4-2800 | DIMM,-
IODATA SDZ2666-8G/EC,1 x 8GB | DDR4-2666 | S.O.DIMM,8180
センチュリーマイクロ CD16G-D4U2133,1 x 16GB | DDR4-2133 | DIMM | 2016-03-01発売,22038
G.Skill F4-3466C16D-16GTZR,2 x 8GB | DDR4-3466 | DIMM,13740
CFD Selection D3N1600CM-2G,1 x 2GB | DDR3L-1600 | S.O.DIMM | 2016-09-01発売,-
CFD Selection W4N2400BMS-4G,2 x 4GB | DDR4-2400 | S.O.DIMM | 2016-09-01発売,-
G.Skill F4-2933C14Q-64GFX,4 x 16GB | DDR4-2933 | DIMM,55295
IBM 00D5044,1 x 8GB | DDR3-1600 | DIMM,48273
Crucial CT3KIT25672BA1067,3 x 2GB | DDR3-1066 | DIMM,-
キングストン HX432C18FR2/8,1 x 8GB | DDR4-3200 | DIMM,-
G.Skill F4-2400C15S-8GNS,1 x 8GB | DDR4-2400 | DIMM,-
キングストン KVR24R17D4K4/128,4 x 32GB | DDR4-2400 | DIMM,-
キングストン KVR24E17S8/8,1 x 8GB | DDR4-2400 | DIMM,-
ADATA AX4U2400W4G16-QWZ,4 x 4GB | DDR4-2400 | DIMM,-
Crucial CT2K16G4SFD8213,2 x 16GB | DDR4-2133 | S.O.DIMM,-
Corsair CMK64GX4M8X4000C19,8 x 8GB | DDR4-4000 | DIMM,116605
G.Skill F4-3333C16Q-32GVR,4 x 8GB | DDR4-3333 | DIMM,23527
ADATA AD4U2666W4G19-D,2 x 4GB | DDR4-2666 | DIMM,-
G.Skill F4-3200C16Q2-64GTZSW,8 x 8GB | DDR4-3200 | DIMM,55600
G.Skill F4-3200C16Q2-64GTZB,8 x 8GB | DDR4-3200 | DIMM,55530
ESSENCORE KLEVV KD48GU880-36A180Z,2 x 8GB | DDR4-3600 | DIMM,-
キングストン HX436C17FB3AK4/64,4 x 16GB | DDR4-3600 | DIMM,45130
トランセンド TS1GHR72V6B,1 x 8GB | DDR4-2666 | DIMM,7980
Crucial Ballistix BL2K4G24C16U4B,2 x 4GB | DDR4-2400 | DIMM | 2020-03-27発売,-
G.Skill F4-4000C15D-16GTZR,2 x 8GB | DDR4-2133(DDR4-4000) | DIMM,25355
Crucial BLS8G4D26BFSC,1 x 8GB | DDR4-2666 | DIMM,-
G.Skill F4-2400C17S-4GNT,1 x 4GB | DDR4-2400 | DIMM,2948
ESSENCORE KLEVV KD48GU880-36A180Y,1 x 8GB | DDR4-3600 | DIMM,-
ESSENCORE KLEVV KD48GU880-40B190Z,2 x 8GB | DDR4-4000 | DIMM,-
G.Skill F4-3600C16D-16GVKC,2 x 8GB | DDR4-3600 | DIMM,16475
G.Skill F4-2400C15S-8GNT,1 x 8GB | DDR4-2400 | DIMM,4785
Crucial CT2K4G3S186DJM,2 x 4GB | DDR3L-1866 | S.O.DIMM,8457
G.Skill F4-3200C14Q-32GTZRX,4 x 8GB | DDR4-3200 | DIMM,40000
G.Skill F4-2933C14Q2-128GFX,8 x 16GB | DDR4-2933 | DIMM,112516
Silicon Power SP016GLSTU160N22DA,2 x 8GB | DDR3L-1600 | S.O.DIMM,10980
Patriot Memory PVB416G400C9K,2 x 8GB | DDR4-4000 | DIMM | 2019-08-30発売,-
ESSENCORE KLEVV KD48GU880-40B190Y,1 x 8GB | DDR4-4000 | DIMM,-
ADATA AX4U2800W8G17-DRD,2 x 8GB | DDR4-2800 | DIMM | 2016-05-01発売,-
IODATA DZ2133-4G/EC,1 x 4GB | DDR4-2133 | DIMM | 2017-07-01発売,-
Adtec ADS2400D-R32GDW,2 x 32GB | DDR4-2400 | DIMM | 2016-07-01発売,69497
Crucial CT16G4RFD8266,1 x 16GB | DDR4-2666 | DIMM,20167
G.Skill F4-3000C16D-16GRS,2 x 8GB | DDR4-3000 | S.O.DIMM,12202
ヤダイ YD3/1333-N8G,1 x 8GB | DDR3-1333 | S.O.DIMM,10407
キングストン HX424S15IBK4/64,4 x 16GB | DDR4-2400 | S.O.DIMM,35587
G.Skill F4-3200C16S-8GIS,1 x 8GB | DDR4-3200 | DIMM,6252
Crucial BLT2K4G3D1608ET3LX0,2 x 4GB | DDR3-1600 | DIMM,-
G.Skill F4-3600C18Q2-256GTZN,8 x 32GB | DDR4-2666(DDR4-3600) | DIMM,203600
Crucial CT2G4SFS624A,1 x 2GB | DDR4-2400 | S.O.DIMM,-
グリーンハウス GH-DVT1600LV-4GH,1 x 4GB | DDR3L-1600 | DIMM | 2017-01-01発売,4160
G.Skill F4-3600C18D-64GTRG,2 x 32GB | DDR4-2666(DDR4-3600) | DIMM,48785
G.Skill F4-3333C16D-32GTZKW,2 x 16GB | DDR4-3333 | DIMM,19698
Corsair CMK16GX4M2K4400C19,2 x 8GB | DDR4-4400 | DIMM,47060
Antec AMD4UZ126661608G-5D,2 x 8GB | DDR4-2666 | DIMM | 2018-06-01発売,-
G.Skill F4-2933C16D-16GTZRX,2 x 8GB | DDR4-2933 | DIMM,14117
Corsair CMK32GX4M4C3000C15R,4 x 8GB | DDR4-3000 | DIMM,-
プリンストン PDN4/2133-16G,1 x 16GB | DDR4-2133 | S.O.DIMM | 2016-06-03発売,14108
G.Skill F4-3333C16D-32GVK,2 x 16GB | DDR4-3333 | DIMM,22061
Crucial Ballistix BL2K8G30C15U4W,2 x 8GB | DDR4-3000 | DIMM | 2020-03-27発売,10370
キングストン HX321LS11IB2K2/16,2 x 8GB | DDR3L-2133 | S.O.DIMM,14534
Corsair CMK16GX4M2Z5000C18,2 x 8GB | DDR4-2666(DDR4-5000) | DIMM | 2019-11-16発売,125710
A2ZEON RD4LR32G44S2400,1 x 32GB | DDR4-2400 | DIMM,-
ADATA AD4U2666J4G19-R,1 x 4GB | DDR4-2666 | DIMM,2750
ゲイル GSB416GB2400C16DC,2 x 8GB | DDR4-2400 | DIMM,-
G.Skill F4-3733C17Q-32GTZKK,4 x 8GB | DDR4-3733 | DIMM,32501
Antec AMD4SZ124001708G-1S,1 x 8GB | DDR4-2400 | S.O.DIMM | 2018-06-01発売,-
Adtec ADM2666N-16G,1 x 16GB | DDR4-2666 | S.O.DIMM | 2018-11-12発売,8232
Crucial CT2KIT51264BF160BJ,2 x 4GB | DDR3L-1600 | S.O.DIMM,-
G.Skill F4-3600C16D-16GTZR,2 x 8GB | DDR4-3600 | DIMM,18200
CFD D4U2666PS-8G,1 x 8GB | DDR4-2666 | DIMM,-
Thermaltake CL-W251-CA00SW-A,2 x 8GB | DDR4-3200 | DIMM | 2019-07-19発売,18800
G.Skill F4-3600C17D-32GTZ,2 x 16GB | DDR4-3600 | DIMM,27673
Corsair CMW64GX4M4C3000C15,4 x 16GB | DDR4-3000 | DIMM,38379
G.Skill F4-2400C17D-32GSXF,2 x 16GB | DDR4-2400 | DIMM,20600
G.Skill F4-2133C15S-16GRS,1 x 16GB | DDR4-2133 | S.O.DIMM,9888
キングストン HX437C19FB3K2/16,2 x 8GB | DDR4-3733 | DIMM,13330
Corsair CMU32GX4M2C3333C16,2 x 16GB | DDR4-3333 | DIMM,-
archiss AS-2400D4-4G-S,1 x 4GB | DDR4-2400 | DIMM,-
ADATA AX4U3000316G16-QWZ,4 x 16GB | DDR4-3000 | DIMM,-
G.Skill F4-3466C16Q2-128GTZSW,8 x 16GB | DDR4-3466 | DIMM,81777
G.Skill F4-3200C15Q-64GTZR,4 x 16GB | DDR4-3200 | DIMM,54200
Crucial CT4K8G4DFD824A,4 x 8GB | DDR4-2400 | DIMM,-
CFD W4U2400PS-8G,2 x 8GB | DDR4-2400 | DIMM,16300
CFD Selection W4U2666BMS-8G,2 x 8GB | DDR4-2666 | DIMM | 2017-12-01発売,22237
G.Skill F4-2666C19D-32GRS,2 x 16GB | DDR4-2666 | S.O.DIMM,18985
Crucial BLS2K4G4D240FSE,2 x 4GB | DDR4-2400 | DIMM | 2016-05-01発売,-
Crucial BLT2K8G4D30AETA,2 x 8GB | DDR4-3000 | DIMM,20350
Crucial BLS8G4D240FSEK,1 x 8GB | DDR4-2400 | DIMM,-
G.Skill F4-3200C15D-16GTZKW,2 x 8GB | DDR4-3200 | DIMM,13800
G.Skill F4-3466C16Q-32GTZR,4 x 8GB | DDR4-3466 | DIMM,27795
Corsair CMD32GX4M4B3333C16,4 x 8GB | DDR4-3333 | DIMM,-
Crucial BLS2K4G3D169DS3J,2 x 4GB | DDR3-1600 | DIMM,-
Corsair CMK256GX4M8E3200C16,8 x 32GB | DDR4-3200 | DIMM,163825
キングストン HX430C15PB3/16,1 x 16GB | DDR4-3000 | DIMM,11290
ゲイル GEXG432GB3200C16ADC,2 x 16GB | DDR4-3200 | DIMM | 2017-07-14発売,-
G.Skill F4-4000C19D-16GTZKW,2 x 8GB | DDR4-4000 | DIMM,15500
G.Skill F4-3000C16D-32GSXKB,2 x 16GB | DDR4-3000 | DIMM,22500
Corsair CMK128GX4M8X3600C18,8 x 16GB | DDR4-3600 | DIMM,176550
Crucial BLS4K16G4D26BFSC,4 x 16GB | DDR4-2666 | DIMM,-
Corsair CMD16GX4M4C3200C16,4 x 4GB | DDR4-3200 | DIMM,-
G.Skill F4-3000C15Q-32GTZR,4 x 8GB | DDR4-3000 | DIMM,31034
Corsair CMX8GX3M2B1333C9,2 x 4GB | DDR3-1333 | DIMM,4950
G.Skill F4-3200C16D-16GRS,2 x 8GB | DDR4-3200 | S.O.DIMM,18869
G.Skill F4-3300C16Q-16GRRD,4 x 4GB | DDR4-3300 | DIMM,-
Crucial BLS8G4D26BFSEK,1 x 8GB | DDR4-2666 | DIMM,-
Corsair CML4GX3M2A1600C9,2 x 2GB | DDR3-1600 | DIMM,4013
G.Skill F4-3600C16Q-32GVKC,4 x 8GB | DDR4-3600 | DIMM,32340
G.Skill F4-3200C14Q-64GTZR,4 x 16GB | DDR4-3200 | DIMM,70700
Crucial BLS4K4G4D26BFSE,4 x 4GB | DDR4-2666 | DIMM,11495
G.Skill F4-3300C16Q-64GTZKW,4 x 16GB | DDR4-3300 | DIMM,46475
Crucial BLE4KIT4G3D1608DE1TX0,4 x 4GB | DDR3-1600 | DIMM,-
G.Skill F4-3333C16Q-32GTZKW,4 x 8GB | DDR4-3333 | DIMM,22193
ヤダイ YD4/2400-8G,1 x 8GB | DDR4-2400 | DIMM,13312
Team TDZAD416G3200HC16CDC01,2 x 8GB | DDR4-3200 | DIMM | 2019-11-28発売,11200
キングストン KVR21N15D8/16,1 x 16GB | DDR4-2133 | DIMM,-
archiss AS-2400D4-4G-MJ(X2),2 x 4GB | DDR4-2400 | DIMM,6480
Corsair CMK64GX4M4B3200C16,4 x 16GB | DDR4-3200 | DIMM,36066
キングストン HX432C18FBK2/32,2 x 16GB | DDR4-3200 | DIMM,-
Corsair CMR16GX4M2C3000C15W,2 x 8GB | DDR4-3000 | DIMM,-
G.Skill F4-3600C14D-16GTRSB,2 x 8GB | DDR4-3600 | DIMM,26600
ADATA AD4U2666316G19-2,2 x 16GB | DDR4-2666 | DIMM,25433
ESSENCORE KLEVV KD4AGU880-34A170X,2 x 16GB | DDR4-3466 | DIMM,24640
G.Skill F4-3000C16S-8GISB,1 x 8GB | DDR4-3000 | DIMM,5877
ADATA AX4U3200316G16-DRD,2 x 16GB | DDR4-3200 | DIMM | 2016-05-01発売,-
G.Skill F4-4600C19D-16GTZSWC,2 x 8GB | DDR4-4600 | DIMM,-
センチュリーマイクロ CK4GX4-D4RE2400VL81,4 x 4GB | DDR4-2400 | DIMM,27035
Crucial BLT8G3D1608DT1TX0,1 x 8GB | DDR3-1600 | DIMM,-
V-Color TD8G16C15-TFK-16D,2 x 8GB | DDR4-2133 | DIMM,-
Adtec ADS2133D-R32GD4,4 x 32GB | DDR4-2133 | DIMM | 2016-02-12発売,138869
キングストン HX424C15FB3/16,1 x 16GB | DDR4-2400 | DIMM,8415
Corsair CMT32GX4M2K3600C18,2 x 16GB | DDR4-3600 | DIMM | 2019-03-01発売,-
Corsair CMSO8GX3M2C1600C11,2 x 4GB | DDR3L-1600 | S.O.DIMM,5280
Corsair CMK8GX4M1A2400C14R,1 x 8GB | DDR4-2400 | DIMM,5720
Corsair CMU32GX4M4D3000C16,4 x 8GB | DDR4-3000 | DIMM,-
G.Skill F4-4000C17D-16GTRSB,2 x 8GB | DDR4-4000 | DIMM,23045
Crucial BLS8G4S26BFSD,1 x 8GB | DDR4-2666 | S.O.DIMM,-
Team TF6D416G3600HC18EDC01,2 x 8GB | DDR4-3600 | DIMM,-
センチュリーマイクロ CD8G-SOD3U1866,1 x 8GB | DDR3-1866 | S.O.DIMM,8777
Corsair CMR32GX4M4C3466C16,4 x 8GB | DDR4-3466 | DIMM,18980
Crucial Ballistix BLS2K8G4D30BESBK,2 x 8GB | DDR4-3000 | DIMM,-
センチュリーマイクロ CK4GX2-D4U2400,2 x 4GB | DDR4-2400 | DIMM,-
